titles,contents,type,news
"제천 화재 건물주 구속, 관리인은 기각","
			ㆍ법원 “도주·증거인멸 가능성”29명이 숨지는 화재 참사가 발생한 충북 제천시 ‘노블휘트니스앤스파’ 건물주 이모씨(53)가 업무상 과실치사상 혐의 등으로 27일 구속됐다. 청주지법 제천지원 김태현 판사는 이날 “범죄혐의가 소명되고 도주 및 증거인멸의 가능성이 있다”며 구속영장을 발부했다. 하지만 건물관리인 김모씨(50)에 대해선 “주의 의무가 존재했는지 불명확하다”는 사유로 기각했다. 건물주 이씨는 이날 영장실질심사에 앞서 “유가족에게 정말 죄송하다. 죽고 싶은 심정”이라며 “(테라스가) 증축된 사실은 알았지만 불법인지는 몰랐다”고 말했다.경찰은 최초 신고된 지난 21일 오후 3시53분 이전에 이미 1층 천장부에서 불이 시작된 것으로 보고 있다. 경찰 관계자는 “관리인이 천장에서 작업한 시간과 불꽃이 폐쇄회로(CC)TV에 찍힌 시간 사이에 50분의 간격이 있는데 천장 안에서 불이 타고 있다가 가스가 차서 터질 때 불꽃이 발생했다고 국립과학수사연구원이 설명했다”고 전했다.경찰은 건물 관계자들이 사전에 화재 징후를 알고도 제대로 조치하지 않았거나 사후에 책임을 회피하기 위해 공모했을 가능성이 있다고 보고 이씨와 김씨, 직원 2명의 휴대전화도 압수했다. 유족들은 이날 기자회견을 열어 “당시 오후 3시25분에 화재가 발생했다는 유족 지인의 말이 있었다”며 “이에 대해 철저히 수사해달라”고 말했다.▶ 경향신문 SNS [트위터] [페이스북] ▶ [인기 무료만화 보기]©경향신문(www.khan.co.kr), 무단전재 및 재배포 금지",fire,kyunghyang
[제천 화재 참사]발화 원인 지목 ‘보온등’ 발견…불법의 더미에 숨었던 ‘불씨’,"
			ㆍ1층 주차장 천장 속과 주변서 여러 개 ‘불법 설치’ 드러나ㆍ전문가 “위험천만한 일”…관리 소홀로 화재 유발 가능성지난 21일 화재로 29명의 사망자가 발생한 충북 제천시 ‘노블휘트니스앤스파’ 1층 주차장 천장 속에 폐수관 동파를 막기 위한 보온등이 불법으로 다수 설치됐던 것으로 확인됐다. 이번 화재 사고가 보온등 과열로 발생했다는 관계자들의 증언(경향신문 12월25일자 2면 보도)이 사실일 가능성이 커졌다.
	
		
묵념하는 소방관들 25일 오후 충북 제천 ‘노블휘트니스앤스파’ 화재 희생자 합동분향소를 찾은 충북 제천소방서와 소방당국 관계자들이 헌화한 뒤 묵념하고 있다. 합동분향소를 찾은 조종묵 소방청장은 유가족에게 고개를 숙이고 사죄의 뜻을 전했다.  연합뉴스25일 제천 화재 합동조사단 관계자는 “발화 지점으로 추정되는 1층 필로티 주차장 천장 속에서 보온등 2개를 비롯해 부근에서 불에 타 소실된 보온등이 다수 발견됐다”고 말했다. 한 관계자는 “아직 보온등의 정확한 숫자와 설치 위치, 설치 기간 등은 합동감식반의 조사 결과가 나와야 알 수 있다”고 말했다. 지난 24일 화재건물 소방시설관리업체 관계자 등은 화재 당시 이 건물의 1층 주차장 플라스틱 재질의 천장 마감재 안을 지나는 폐수관의 동파를 막기 위한 보온등이 여러 개 설치돼 있었다고 증언했다. 이들은 “지난 21일 화재가 발생하기 전 며칠 동안 추운 날씨 때문에 보온등을 켜놨고, 당일 기온이 올라가면서 보온등이 과열돼 화재가 발생했다”고 주장했다. 한 관계자는 “화재 건물 관리자가 ‘불이 난 날 지하 1층에 있었는데 냄새가 나서 1층으로 올라가 보니 보온등이 벌겋게 달아올라 있었다’고 얘기한 것을 들었다”며 “갑자기 날씨가 따뜻해지니 열을 빼앗길 곳이 없어 보온등이 달아올라 불이 옮겨붙은 것으로 알고 있다”고 전했다.이들의 말을 종합하면 건물 관리인들은 대부분 1층 천장 안에 보온등이 놓여 있는 것을 알고 있었던 것으로 보인다. 발화 위험이 있는 보온등을 설치해 놓고도 관리 소홀로 화재를 유발했을 가능성이 큰 상황이다. 김광선 한국화재감식학회장은 “발화 지점으로 보이는 플라스틱 재질의 천장 안에는 먼지가 많이 쌓여 있었을 것이기 때문에 발화 시 급격한 연소가 우려되는 장소”라며 “보온등을 설치하고 열 전달 시스템 등을 제대로 설계하지 않거나 관리가 안되면 법적으로 문제가 될 뿐 아니라 매우 위험천만한 일이 될 수 있다”고 말했다. 또 다른 소방전문가도 “분진이 많은 장소에 고열을 발생하는 보온등을 놓은 것은 불쏘시개와 성냥을 함께 놔 둔 것 같은 상식 밖의 일”이라고 말했다.
	
		
보온등 수거 충북 제천 ‘노블휘트니스앤스파’ 화재 현장에서 지난 23일 오후 진행된 2차 합동 현장감식에서 감식반원들이 1층 필로티 주차장 천장에서 보온등으로 보이는 물건을 수거하고 있다.   연합뉴스경찰도 이미 이런 사실을 확인해 지난 24일 건물주 이모씨(53)와 관리인 김모씨(50)를 업무상과실치사상 등의 혐의로 긴급체포한 것으로 보인다. 경찰 관계자는 “진술을 통해 발열등(보온등)이 설치됐던 것으로 파악했다”며 “다만 정확한 화재 원인은 국립과학수사연구원 감정 결과가 나오기 전까지는 확답할 수 없다”고 말했다. 화재 건물에서는 불법 사실들이 속속 드러나고 있다. 경찰은 화재 이후 건물 8∼9층에 불법으로 발코니가 설치된 사실을 확인해 조사하고 있다. 화재 당시 스프링클러와 자동화재탐지시설 등 각종 소방시설의 작동 여부와 소방 관련법 위반 여부도 수사 대상이다. 보온등이 직접적인 화재 원인으로 밝혀지면 불법이 잔뜩 쌓여 있는 건물 아래에 ‘불씨’를 피워둔 셈이 된다. 경찰은 이날 건물주와 관리인의 집을 압수수색했다. 조만간 이들에 대한 구속영장을 신청할 방침이다.한편 소방청은 이날 내·외부 전문가로 구성된 합동조사단을 구성해 제천 화재 참사의 명확한 원인 규명에 들어갔다. 소방청은 다음달 중순 이전에 조사 결과를 발표할 예정이다.▶ 경향신문 SNS [트위터] [페이스북] ▶ [인기 무료만화 보기]©경향신문(www.khan.co.kr), 무단전재 및 재배포 금지",fire,kyunghyang
[제천 화재 참사]더 이상 ‘이쯤이야’는 안된다,"
			ㆍ불법 주차로 소방차 진입 막고ㆍ비상구엔 물건 쌓아 무용지물ㆍ안전과 맞바꾼 ‘작은 불법’들
	
		
“내가 갈게, 제발 너는 돌아와” 충북 제천시 노블휘트니스앤스파 화재로 부인을 잃은 김인동씨가 24일 제천체육관에 마련된 합동분향소에서 고인의 영정을 향해 손을 내밀며 “잘못했다. 내가 갈게. 제발 너는 돌아와다오. 너 없이 나는 못 산다”면서 오열하고 있다. 김씨 딸이 아버지의 등을 어루만지며 함께 울고 있다. 이준헌 기자 ifwedont@kyunghyang.com광주 동구 한 아파트 주민들은 현관 1평과 안전을 맞바꾼 채 6년째 버티고 있다. 749가구가 살고 있는 이 아파트는 2012년 입주 당시 무려 346가구가 현관을 불법으로 확장했다. 원래 설치됐던 현관을 엘리베이터와 비상계단 쪽으로 옮겨 주민들이 더 확보하게 된 면적은 3.3㎡(1평). 이렇게 확장된 현관은 화재에 취약할 수밖에 없다. 불이 날 경우 새로 만들어진 현관 틈으로 연기가 스며들어 질식할 위험이 높다. 관할 소방서는 소방점검 과정에서 이 같은 사실을 확인하고 구청에 통보해 원상복구토록 했다.구청이 매년 시정지시를 내리고 있지만 원상복구한 가구는 거의 없다. 대신 주민들은 구청이 부과한 수십만원의 ‘이행강제금’을 내며 위험한 현관을 그대로 사용하고 있다. 구청 관계자는 “조만간 3번째 이행강제금을 부과할 계획”이라고 했다.29명이 사망한 제천 화재 참사 역시 그간 발생한 수많은 대형 참사에서 보여주듯 우리 생활 속에서 “이 정도쯤이야”로 무시되는 흔한 법규 위반이 피해를 키웠다. 2013년 제주시 이도동 빌라에서는 화재로 1명이 숨지고 8명이 다쳤다. 소방서는 불이 난 곳에서 700m 거리에 있었지만 화재를 진압하기까지 50분이나 걸렸다.소방차는 골목 양쪽에 빽빽이 세워진 불법 주정차 차량에 가로막혔다. 국민안전처가 2015년 전국 4만4325건의 화재를 분석해 발간한 ‘2016년도 화재통계연감’에 따르면 소방대원이 화재 현장에 3분을 넘겨 도착하면 사망자가 크게 늘어난다. 3분 내에 소방관이 현장에 도착한 화재에서 사망자는 25명이었지만 2분이 더 지나면 118명으로 급증했다. 10분 이내에 소방관이 도착해도 73명이 숨졌다. 부상자도 크게 증가한다. 3분 이내 도착한 경우 부상자는 290명이지만 5분 이내에는 882명으로 늘었다.   ■제천은 말한다 “작은 불법에 눈감는 한국병 끝내달라”고불법주차 차량 파손 땐 손해배상 문제…강제 이동도 어려워 비상구 폭 확보 규정 없어, 지나갈 수만 있으면 “노 프라블럼”“국민도 안전시설 확충 부담져야 하는데 ‘무임승차’하려고만”
	
		
불법 설치된 테라스 화재로 29명의 사망자가 발생한 충북 제천시 노블휘트니스앤스파 건물의 8·9층에 테라스가 불법으로 설치된 사실이 확인됐다. 연합뉴스하지만 소방관이 3분 이내에 현장에 도착한 건수는 7924건(17.8%)에 불과했다. 5분 이내 도착은 2만7498건(62%)이었다. 소방시설 주변 5m 이내에 주차했거나 화재 현장에 불법주차했을 경우 승용차 기준 4만원의 과태료를 부과할 수 있다. 올 9월까지 화재 현장 불법주차로 과태료가 부과된 차량은 2377대에 이른다.소방활동에 지장을 초래하는 불법주차 차량들은 강제로 옮길 수 있지만 차량을 파손했을 경우 손해배상 책임 문제 등으로 그런 경우는 거의 없다고 한다. 소방당국 관계자는 “불법주차 차량 등으로 인해 소방차의 현장 출동이 늦어지는 경우가 허다하다”면서 “자칫 과태료라도 부과하려고 하면 주민들이 집단 반발하는 경우도 있다”고 말했다.
	
		
불법 주차된 차량 지난 21일 충북 제천 화재 현장에서 소방차의 진입을 가로막고 있던 불법주차 차량이 옮겨지는 모습이 인근 상가의 폐쇄회로(CC)TV에 포착됐다. 연합뉴스지난해 11월30일 점포 679곳을 태운 대구 서문시장 화재도 소방차 진입이 늦어져 피해를 키웠다는 지적을 받았다. 당시 서문시장 경비원 신고를 받고 소방차가 속속 도착했지만 4지구에 이르는 통로 양쪽에 좌판 등이 널브러져 있어 제때 진입에 실패했다. 최영상 대구보건대 소방안전관리과 교수는 “전통시장과 목욕탕 등 다중이용시설은 유사시에 대비해 소방차 출동에 장애가 되는 좌판과 불법주차 차량 등은 평소 철저히 단속해야 한다”고 말했다.긴급 상황이 발생했을 때 사람들이 대피할 수 있는 비상구가 제대로 표시하지 않거나 폐쇄돼 있는 경우도 비일비재하다. 한마디로 “노 프라블럼” 정도로 인식될 정도다.
	
		
부산소방안전본부는 지난 6월20일부터 7월21일까지 외부 전문가가 참여한 가운데 부산의 30층 이상 고층건물 362채를 대상으로 특별조사를 벌여 28.2%인 102채에서 소방시설 불량 169건을 적발했다. 소화기와 스프링클러 등 소화설비 불량이 59건으로 가장 많았다. 경보기가 작동하지 않는 등 경보설비 불량이 58건, 비상시 대피로를 안내하는 유도등이 켜지지 않는 등 피난설비 불량이 41건을 차지했다. 비상구를 폐쇄한 다중이용업소도 2곳 적발됐다.소방청에 따르면 피난 계단이나 복도, 출입구 등에 물건 등을 쌓아뒀다가 적발된 곳은 2015년 226곳이나 됐다. 58곳은 비상구를 아예 폐쇄했다. 일선 소방관들은 비상구 폭을 얼마나 확보해야 하는지에 대한 규정이 없어, 물건이 쌓였더라도 사람이 지나갈 수만 있다면 문제 삼기 어렵다고 토로한다. 제천 화재 역시 2층 여자 목욕탕 안에는 비상구를 안내하는 표지판조차 제대로 갖추지 않았다. 또 비상구 양쪽에 목욕바구니를 수북이 쌓아놓았지만 소방점검에서 제외되거나 적발되더라도 그야말로 ‘꾸중’ 수준에 그쳤다. 대형 참사의 씨앗이 되는 이런 작은 법규 위반에 대한 책임을 가볍게 여기는 분위기가 계속되는 한 결코 만연한 ‘한국병’의 고리를 끊을 수 없다는 지적이 높다.지병근 조선대 정치학과 교수는 “세월호 참사가 있었지만 아직도 우리 사회는 안전보다 당장의 편의나 경제적 이익을 추구하는 분위기가 만연해 있다”면서 “안전시설 확충 등을 위해서는 정부가 지속적으로 관심을 갖고 국민들도 어느 정도 부담을 져야 하는데 ‘무임승차’하려고만 한다”고 지적했다.▶ 경향신문 SNS [트위터] [페이스북] ▶ [인기 무료만화 보기]©경향신문(www.khan.co.kr), 무단전재 및 재배포 금지",fire,kyunghyang
‘모두가 상주’ 유족 보듬은 제천 시민들,"
			ㆍ제천 화재 희생자 마지막 장례…합동영결식 마쳐ㆍ현장 수습 이후 자원봉사… 분향소 급식 지원부터 장례기간 교통 안내까지“남 일 보듯 할 수가 없다”ㆍ거리엔 추모 현수막 걸고 매일 애도의 시간 가져26일 오전 9시 검은색 운구차량이 충북 제천시 서부동 서울병원 장례식장을 출발했다. 지난 21일 발생한 제천 ‘노블휘트니스앤스파’ 화재 희생자의 마지막 장례였다. 많은 사람들이 29명의 희생자 가운데 마지막으로 발인한 정희경씨(56)의 운구차가 장지로 향하는 모습을 지켜봤다. 정씨는 밝고 강한 엄마였다. 열다섯 살의 어린 딸은 화재 현장에서 “우리 엄마는 강하니까 괜찮을 거야”라며 엄마를 기다렸다. 끝내 돌아오지 못한 엄마의 마지막 가는 길에서 딸은 아무 말도 하지 못했다.
	
		
운구 행렬 26일 오전 충북 제천시 서부동 서울병원 장례식장에서 스포츠센터 화재 사고 유가족들이 희생자의 관을 운구하고 있다.  연합뉴스이날 정씨를 끝으로 화재 참사 희생자가 모두 영면했다. 오전 8시 서울병원 장례식장에서 진행된 제천중앙성결교회 박한주 목사(62)와 드림성결교회 박재용 목사(42)의 합동영결식에는 특히 많은 조문객이 자리했다. 두 사람은 제천중앙성결교회에서 담임목사와 부목사로 함께 일했다. 박재용 목사가 교회를 개척한 이후에도 자주 왕래하던 두 사람은 화재 당일 목회자 모임에 참석한 뒤 함께 사우나를 하러 갔다 변을 당했다. 신도들이 ‘천국에서 만나보자’라는 찬송가를 부르며 마지막 길을 배웅했다. 박재용 목사의 운구차가 앞장서고 박한주 목사의 운구차가 그 뒤를 따랐다.시민 모두를 슬픔에 빠뜨린 제천 화재 참사 희생자들의 장례절차가 마무리됐다. 참사 발생 이후 제천시민들은 모두가 마음을 한곳으로 모았다. 일주일 가까이 실의에 잠긴 유족들 곁을 지킨 것도 시민들이었다. 시민들은 화재가 나자 누가 먼저랄 것 없이 현장으로 달려갔다. 안타깝게도 많은 사망자가 발생했지만 구조를 도운 시민들 덕에 그나마 희생자를 줄일 수 있었다.화재가 수습되자 화재 현장이 있는 하소동 주민들은 급식지원을 하는 등 자원봉사에 나섰다. 제천시 자원봉사센터에서는 화재 현장과 합동분향소에서 ‘사랑의 밥차’를 운영했다. 합동분향소에서는 푸드트럭이 어묵을 나눠줬다. 많은 시민들이 ‘상주’를 자청했다. 자원봉사센터와 새마을교통봉사대, 새마을지도자 등이 모든 장례절차가 끝날 때까지 교통 안내를 하고 조문객들에게 음식을 나르며 가족·친지처럼 자리를 지켰다. 주민들은 입버릇처럼 “한 다리만 거치면 다 아는 사이”라며 슬픔을 함께했다. 출향 인사는 유족들을 위해 40여대의 장례차량을 지원했다. 시민 김기철씨(67)는 “같은 아파트 주민들도 사우나를 갔다 참변을 당했다. 남의 일 보듯 할 수가 없다”며 “모두들 같은 마음일 것”이라고 말했다.제천시는 희생자들의 장례가 마무리된 이후 30일까지를 추모기간으로 정했다. 제천시뿐 아니라 충북도 내 모든 시·군의 공무원들이 근조 리본을 착용하고 매일 애도의 시간을 갖는다. 거리에 추모 현수막을 내걸고, 시민들에게도 근조 리본 착용을 권장하는 등 추모 분위기를 조성하기로 했다. 박인용 제천시 부시장은 “힘든 상황에서도 잘 버텨주신 유가족께 위로의 말씀을 드리며, 사고 극복에 힘을 모아주고 슬픔을 함께 나눠주신 분들께 감사드린다”며 “희생자를 위로하고 다시는 이런 사고가 발생하지 않도록 함께 기억하기 위해 추모기간을 이어가려 한다”고 밝혔다.▶ 경향신문 SNS [트위터] [페이스북] ▶ [인기 무료만화 보기]©경향신문(www.khan.co.kr), 무단전재 및 재배포 금지",fire,kyunghyang
[제천 화재 참사]현장 찾은 문 대통령 “참담함 느낀다”,"
			
	
		
길 위에 국화 한 송이 22일 문재인 대통령이 충북 제천 노블휘트니스앤스파 화재 현장을 방문해 소방관계자로부터 상황을 보고받고 있다. 화재가 발생한 건물 옆 바닥에는 누군가 애도의 뜻을 표하며 놓고 간 국화 한 송이가 놓여 있다. 청와대사진기자단문재인 대통령은 22일 전날 화재 참사가 발생한 충북 제천시를 방문해 화재 현장을 둘러보고 희생자 유족들을 위로했다. 문 대통령은 “참으로 황망한 일이 발생했고, 대통령으로서 참담함을 느낀다”고 말했다. 병원에 마련된 빈소에서 소방당국 구조 실패에 대한 유가족들의 항의를 받기도 했다.문 대통령은 이날 오후 2시 화재 참사 현장인 제천 하소동의 노블휘트니스앤스파 앞을 방문해 사고 당시 상황과 수습 절차를 보고받았다. 문 대통령은 “부상자 상태는 어떻습니까” “장례 절차는 어떻게 하기로 했습니까”라고 묻는 등 사고 수습 상황을 챙겼다.문 대통령은 이어 피해자 빈소가 마련된 제천서울병원으로 이동했다. 문 대통령은 “‘사람이 먼저다’라고 하셨는데 이번에 사람이고 뭐고 없었다” “사람이 죽었습니다” 등의 항의를 들었다. 한 중년 여성은 문 대통령을 붙들고 바닥에 쓰러지며 오열했다. 문 대통령은 어머니를 잃은 아들의 손을 잡고 “황망한 일이 벌어졌습니다. 기운 내십시오”라고 했다. 한 유족으로부터 ‘(사망한) 언니가 평창 올림픽이 잘돼야 대통령도 잘된다고 한 열혈 지지자였다’는 말을 듣자 침통한 표정으로 손을 잡고 격려의 말을 건넸다.‘억울한 사연이 없게 힘써달라’ 등 유족들 요구사항을 듣고는 “뭐가 문제라고 생각하는지 충분히 이해한다”고 답했다. 이어 “범정부 차원으로 이번 사고의 원인과 대응과정을 철저하게 살피고, 비록 사후적이지만 한이라도 남지 않도록 이번 사고를 조사하고 조치할 수 있도록 하겠다”고 약속했다. 문 대통령은 명지병원, 제일장례식장, 세종장례식장, 보궁장례식장 등 사망자들이 안치된 빈소를 모두 방문해 유족들을 만났다. 문 대통령이 취임 후 재난 참사 현장을 찾은 것은 지난달 포항 지진 피해 현장 방문 이후 두 번째다.▶ 경향신문 SNS [트위터] [페이스북] ▶ [인기 무료만화 보기]©경향신문(www.khan.co.kr), 무단전재 및 재배포 금지",fire,kyunghyang
제천 화재 첫 신고자는 1층 카운터 직원,"
			희생자 29명을 낸 충북 제천 스포츠센터 화재 참사와 관련해 최초 신고자의 신원이 경찰 수사에서 드러났다.경찰 수사본부는 화재가 났을 때 119에 처음 신고한 사람은 이 건물 1층 사우나 카운터에서 근무하던 직원 ㄱ씨라고 25일 밝혔다.ㄱ씨는 화재가 발생한 지난 21일 오후 3시 53분쯤 카운터 내선 전화를 사용해 “건물 1층 주차장 차량에 불이 났다”고 신고했다.ㄱ씨는 119에 자신을 행인이라고 밝혔으며 신고 후 건물 밖으로 빠져나온 것으로 알려졌다.ㄱ씨는 당시 119 신고 후 2층 사우나에도 불이 난 사실을 알렸다고 진술한 것으로 알려졌다.경찰은 화재 참사 이후 ㄱ씨를 불러 화재 발생 경위 등을 조사했다.▶ 경향신문 SNS [트위터] [페이스북] ▶ [인기 무료만화 보기]©경향신문(www.khan.co.kr), 무단전재 및 재배포 금지",fire,kyunghyang
"[제천 화재 참사]“엄마, 언니 가지마”…통곡의 도시, 눈물의 작별","
			ㆍ희생자 19명 영결식
	
		
“엄마, 안되는데…” 충북 제천시 노블휘트니스앤스파 화재사고 희생자 유가족과 이웃들이 24일 제천체육관에 마련된 합동분향소를 찾아 영정 앞에서 울고 있다. 엄마를 잃은 딸이 손에 쥔 국화꽃 한 송이를  차마 내려놓지 못하고 “엄마 안되는데…” “엄마 안되는데…”라는 말만 되뇌며 흐느끼고 있다. 이준헌 기자 ifwedont@kyunghyang.com이른 아침부터 추적추적 비가 내렸다. 유족들의 눈에서는 눈물이 마르지 않았다. 성탄절 전날인 24일 충북 제천시는 통탄과 오열의 도시가 됐다. 거리에는 캐럴 대신 장송곡이 흘렀다. 이날 제천시내 장례식장 등에서는 ‘노블휘트니스앤스파 화재 참사’로 숨진 희생자 29명 중 19명의 영결식이 이어졌다. ■ 눈물의 영결식 이날 오전 10시30분 제천서울병원 장례식장. 내년 3월이면 대학 새내기가 될 고등학교 3학년 김지성양(18)과 어머니 민윤정씨(49), 외할머니 김현중씨(80)의 영결식이 동시에 열렸다. 딸과 아내, 장모를 한꺼번에 떠나보낸 김양의 아버지도 굵은 눈물을 멈추지 못했다.“엄마 가지마. 언니 가지마. 나도 따라갈 거야.” 민씨의 여동생은 오열하며 몸을 가누지 못했다. 3대에 걸친 이들 모녀는 지난 21일 오후 점심을 먹고 화재 건물에 목욕을 하러 갔다 참변을 당했다. 경기 용인시에 사는 민씨는 입시를 마친 딸을 데리고 오랜만에 친정에 온 터였다.이보다 앞서 오전 8시쯤에는 8년 동안 지역에서 장애인을 위한 배식 봉사 등을 하며 이웃을 가족처럼 보살피다 변을 당한 정송월씨(51)의 운구 차량이 서울병원을 떠나 장지로 향했다. 오전 7시에는 대학 합격 후 스포츠센터 매점에서 아르바이트생을 구한다는 얘길 듣고 면접을 보러 화재 건물에 갔다 숨진 김다애양(18)의 발인도 열렸다.남편과 함께 화재 건물 4층 헬스장에서 운동을 하다 미처 빠져나오지 못하고 숨진 장경자씨(64)가 이번 화재 참사 희생자 가운데 처음으로 하루 전날인 23일 제천시립납골당인 ‘영원한쉼터’에 영면했다. 아내와 함께 헬스장에 있다 생사가 엇갈린 남편(64)은 한동안 아내의 관을 끌어안고 놓아주지 않았다. 이날까지 29명의 희생자 중 모두 20명의 장례절차가 끝났고, 25일과 26일 나머지 희생자들의 발인식이 예정돼 있다. 전날 제천체육관에 마련된 희생자들의 합동분향소에는 이틀 동안 3000여명의 시민들이 찾아와 슬픔을 함께했다.■ 계속된 구조 ‘골든타임’ 논란희생자들의 장례절차가 마무리돼 가면서 참사 원인 규명 등을 요구하는 유족들의 목소리도 높아지고 있다. 유족 대표들은 지난 23일 화재 현장감식을 참관한 뒤 기자회견을 열어 이번 화재의 진압과 구조 과정을 조목조목 지적했다. 이들이 제기한 문제는 논란이 계속되는 이른바 ‘구조 골든타임’이다. 우선 화재 발생 직후 사망자가 집중된 2층 사우나 통유리를 깨고 진입해달라는 요구가 받아들여지지 않은 것에 대한 유족들의 항의가 컸다.유족 윤모씨는 “소방당국은 유리를 깨면 공기가 유입돼 연소가 확대되는 ‘백드래프트’ 현상이 일어날 수 있다며 바로 2층 유리를 깨고 진입하기 어렵다고 했는데 현장에 가보니 2층 안에는 불에 탄 흔적이 전혀 없이 깨끗했다”며 “2층에는 불길이 일지 않았다는 얘긴데 상황 파악이 늦어져 초동 대응에 실패한 것으로밖에 볼 수 없다”고 말했다.또 다른 유족은 “비상계단으로 많은 사람이 탈출했는데 2층은 비상구를 인지하기 힘든 상황이었다”며 “구조대가 비상구를 통해 2층으로 진입하거나 황토방이 있는 도로변 유리를 깨고 진입할 수 있었던 상황으로 판단한다”고 밝혔다.■ “더 나은 나라 만들어달라”유족들은 다양한 문제제기 속에서도 “누굴 처벌하자는 것은 아니다”라고 밝혔다. 똑같은 참사를 막기 위해서라도 대응 매뉴얼을 확실히 만들고 소방인력 등을 확충해야 한다는 주장이다.화재 당시 제천소방서가 동원 가능한 구조대원은 4명뿐이었다. 제천소방서의 구조대원은 팀장을 포함해 모두 13명이다.류건덕 유가족대책본부 대표는 “누군가를 처벌한다고 망자가 돌아오지는 않는다. 소방관들도 정말 고생했다”며 “다만 앞으로 더 좋은 매뉴얼을 만들어 사람이 살 수 있는 나라를 만들어달라는 것이 유족들의 뜻”이라고 말했다. 이낙연 국무총리는 이날 제천시청 재난상황실을 방문해 화재 상황과 피해수습 대책을 보고받았다.▶ 경향신문 SNS [트위터] [페이스북] ▶ [인기 무료만화 보기]©경향신문(www.khan.co.kr), 무단전재 및 재배포 금지",fire,kyunghyang
[제천 스포츠센터 화재]가연성 마감재 ‘불쏘시개’…통유리 사우나에 유독가스 가득,"
			ㆍ희생자 왜 많았나
	
		
암흑 속 수색 21일 밤 대형화재로 29명이 사망한 충북 제천 스포츠센터 건물에서 소방관들이 수색작업을 벌이고 있다. 제천 | 이준헌 기자 ifwedont@kyunghyang.com21일 충북 제천 스포츠센터에서 발생한 화재로 29명의 사망자가 발생한 것은 순식간에 번진 유독가스가 가장 큰 원인으로 지목된다. 여기에 대피하기 어려운 건물 구조와 화재에 취약한 건물 마감재 등도 복합적으로 맞물리며 피해를 키운 것으로 보인다.■ 2층 여성 사우나에 사망자 집중이날 화재에서 전체 사망자의 절반 이상인 20명이 2층 여성 사우나에서 발생했다. 여성들이 옷을 입느라 빠져나오는 데 시간이 걸릴 수 있다는 것을 감안하더라도 3층 남성 사우나에 있던 남성 10여명이 대부분 대피에 성공한 것과 대조된다.3층 사우나에서 탈출한 윤종원씨는 YTN과의 인터뷰에서 “사우나 관계자가 비상구로 대피하라고 안내해줘 4층에서 내려온 네댓명의 사람들이 합류해 비상계단으로 탈출했다”며 “여성 사우나가 있는 2층 비상구로 나온 사람들은 못 봤다”고 말했다. 이는 1층 필로티 구조 주차장에서 시작된 화재로 인한 유독가스가 바로 위층인 2층에 가장 먼저 유입돼 여성 사우나에 있던 사람들이 대피하기가 어려웠기 때문으로 추정된다. 여성 사우나에는 밖으로 나갈 수 있는 출구가 한 곳밖에 없다. 이 출구가 유독가스로 가득 차면 내부에 있던 이용객들의 탈출이 쉽지 않다. 이 시설을 자주 이용했다는 한 목격자는 “목욕탕 입구가 2~3명이 오가기에도 버거울 정도로 좁다”며 “연기가 많이 나서 앞이 보이지 않는 데다 경황이 없어 탈출구를 찾기 쉽지 않았을 것”이라고 말했다.
	
		
사우나가 통유리 구조로 돼 있던 것도 유독가스로 인한 피해를 키웠을 것으로 보인다. 일반 창문은 열어서 연기를 배출시킬 수 있지만 통유리는 강화유리라 파괴도 안되기 때문에 여성 사우나 안에 있던 사람들이 더 빨리 질식했을 가능성이 높은 것이다.■ 가연성 마감재로 불길 확산화재에 취약한 건물 구조와 가연성 마감재도 피해를 키운 원인으로 보인다. 목격자들에 따르면 1층 주차장에서 시작된 연기와 불길이 위층으로 번진 데는 불과 몇 분밖에 걸리지 않은 것으로 알려졌다.1층 필로티 공간은 주차장뿐 아니라 공용 통로로 사용되는 곳인데, 이곳에서 화재가 시작돼 피신이 더 어려웠을 가능성이 높다. 특히 주차된 차량의 인화성 물질 때문에 불길이 더욱 빠르게 확산됐을 것으로 보인다.전문가들은 건물 외부 마감재도 원인일 수 있다고 지적한다. 이 건물은 스티로폼에 시멘트를 바른 외장재인 ‘드라이비트’로 꾸며진 것으로 알려졌다. 스티로폼이 화재에 취약해 불길이 빠른 속도로 번졌을 가능성이 높다. 실제 사망자들은 화상보다 대부분 연기에 질식해 숨진 것으로 알려졌다.드라이비트는 2015년 126명의 사상자를 낳은 의정부 아파트 대형 화재 당시 피해를 키웠던 소재로 당시에도 논란이 된 바 있다. 불이 나면 빠르게 번지고, 유독가스를 내뿜는 데도 이 소재가 계속 쓰이는 건 저렴한 시공비 때문이다. 이 건물은 올해 주인이 바뀌면서 지난 10월 리모델링을 거쳐 재오픈했다. 이 과정에서 새로 칠한 페인트와 내부 장식재가 화재를 키웠을 가능성도 제기된다.■ 소방당국, 초동대처 늦어 소방당국이 신속한 화재 진압에 실패한 것도 대규모 사상자가 발생한 원인으로 꼽힌다. 당시 건물 주변에는 주차한 차량들이 많아 화재 초기에 소방차 진입이 어려웠다. 소방당국 관계자는 “소방차가 진입에 필요한 7~8m의 도로 폭도 확보되지 않아 현장 접근에 어려움을 겪었다”고 설명했다.특히 굴절 소방차량이 제대로 작동하지 않아 고층에 있던 시민들의 대피가 지연됐다. 소방당국 관계자는 “사다리차는 최소 8m 반경이 확보돼야 펼칠 수 있는데 연기가 상당히 많이 나서 펴는데 어려움이 있었다”고 말했다.▶ 경향신문 SNS [트위터] [페이스북] ▶ [인기 무료만화 보기]©경향신문(www.khan.co.kr), 무단전재 및 재배포 금지",fire,kyunghyang
"[제천 화재 참사]“용품 보관대에 가려진 2층 비상계단, 그 길만 뚫렸어도…”","
			ㆍ증언으로 본 참사 당시 상황ㆍ“비상계단 존재 몰랐을 가능성…고장난 출입문으로 몰려들어”
	
		
지난 21일 발생한 충북 제천 ‘노블휘트니스앤스파’ 화재 참사에서는 층에 따라 희생자와 생존자의 운명이 극명하게 엇갈렸다. 여성 사우나가 있던 2층에선 사우나 이용객 20명, 건물 고층부인 6~8층에선 모두 9명이 사망했다. 반면 남성 사우나가 있던 3층과 4~5층에 있던 이용객들은 비상계단 등으로 대피해 모두 살았다. 생존자들은 “제대로 된 대피로가 있는데도 이를 몰랐거나 안내할 사람이 없었기 때문”이라고 말했다.■ 생사 가른 비상계단이날 경향신문이 만난 생존자들은 2층 여성 사우나에서 피해가 컸던 이유에 대해 “비상계단을 이용하지 못한 탓”이라고 입을 모았다. 3층 사우나에 있다가 이발소 비상계단으로 빠져나온 박규연군(12)은 “친구랑 목욕탕에 있다가 블라인드로 가려진 창밖에서 연기와 불이 비쳐 신발도 못 신고 팬티만 입은 채 뛰쳐나왔다”고 말했다. 박군은 이발소 주인 김종수씨(64)가 안내해 대피할 수 있었다. 하지만 “(여성 사우나가 있는) 2층 비상계단에서 나오는 사람은 보지 못했다”고 했다. 평소 이 사우나를 자주 이용했다는 조모씨(48)는 “남성 사우나에는 매점이나 이발소가 있어 직원들이 대피를 안내할 수 있지만 여성 사우나 내 직원은 세신사 한 분 정도가 있는데, 탕 안에 있어서 화재 여부를 늦게 알았을 것이고 여성 사우나엔 비상계단이 있는 줄 몰랐을 가능성이 크다”고 말했다. 일부 이용객들은 “비상계단 쪽 앞에 목욕용품 보관대를 세워둬 평소에도 비상계단을 이용할 수 없게 돼 있었다”고 전했다.■ 열리지 않은 2층 사우나 출입문2층에서 사망한 20명은 대부분 사우나 출입문 앞에서 발견됐다. 2층은 1층 발화지점과 가장 가까운 층이라 연기와 불길이 가장 강한 층이다. 비상계단이 층별로 있지만 비상계단이 있다는 사실을 모르고 출입문으로 몰려가다가 연기에 질식해 숨졌을 가능성이 높다.출입문 버튼이 제대로 작동하지 않았다는 얘기도 나왔다. 김창연씨(76)는 “3층 남성 사우나에서 대피할 때도 출입문 버튼을 수차례 누른 뒤에 문이 열렸다”며 “2층 역시 비슷한 상황이었을 수 있다”고 말했다. 깨뜨리기 어려운 통유리 창문 때문에 2층으로 유입된 유독가스가 빠져나가지 못한 것도 사상자를 늘린 요인으로 분석된다. 건물주 이모씨는 경찰에서 “다른 고객들에게는 대피하라는 말을 했지만 2층 여성 사우나에는 직접 들어가지 못하고 문밖에서만 대피하라고 소리를 질렀다”고 진술했다.■ 고층 대피자들은 유독가스에 희생사망자 9명은 6~8층에서 나왔다. 화재 때 연기가 위로 올라가는 특성 때문에 유독가스에 질식한 것으로 보인다. 이날 소방당국 관계자는 통화에서 “통상 연기는 상층부로 먼저 올라가는데 이번 사고의 경우 계단을 통해 급속도로 올라가 고층부를 채웠다”고 말했다.구조가 지연된 점도 피해를 키웠다. 소방당국에 따르면 건물 화재 시엔 연기가 위로 몰리는 점을 감안해 고층부터 구조작업을 벌이는데 이번 사고에선 쉽지 않았다. 인근 주민 김모씨는 “헬기는 연기 때문인지 맴돌기만 했고, 소방 사다리차도 출동이 늦은 데다 사다리가 제대로 펴지지 않았다”고 했다.▶ 경향신문 SNS [트위터] [페이스북] ▶ [인기 무료만화 보기]©경향신문(www.khan.co.kr), 무단전재 및 재배포 금지",fire,kyunghyang
[지금 SNS에선]제천 참사와 소방관,"
			
	
		
충북 제천 노블휘트니스앤스파 화재 참사로 29명이 목숨을 잃었다. 화재경보기가 울리지 않았고, 스프링클러는 잠겨 있었으며 불법주차로 소방차의 진입이 지연된 것으로 나타나, ‘또 인재(人災)를 막지 못했다’는 비판이 커지고 있다. 책임자 처벌 요구도 높다. 특히 초기 대응이 적절했는지에 대한 분석이 시작되면서 출동한 소방관들의 책임 소재를 두고 공방이 붙었다. “2층 유리창을 깨지 않아 화를 키웠다”는 주장이 나오면서다. 이에 “유리창을 무리하게 깨면 산소가 갑자기 유입되는 ‘백드래프트(Backdraft)’ 현상으로 불길이 더 커졌을 것”이라며 “건물 옆 대형 LPG통의 폭발 가능성을 없애기 위한 진화가 우선이었다”는 반박이 붙었다.누리꾼들은 이 같은 공방에서 화살이 소방관들에게만 집중되는 것을 경계했다. ‘@fl****’는 “지금 정원으로 그 (큰)불을 끄기 위해 동원할 수 있는 소방관이 네 명”이라며 열악한 환경을 언급했다. 이어 “안전이나 복지는 비용이다. 비용을 줄이고 더 안전하고 더 행복해지겠다는 건 마술”이라고 덧붙였다. ‘@am****’도 “13만6300명 인구의 제천시에 소방관이 팀장을 포함 13명이며 1일3교대로 상시근무자가 4명(이) 1조”라고 썼다. 소방관 한 명이 시민 3만4000명을 담당하는 상황을 꼬집은 것이다.‘@vi****’는 “구조대원 4명이었다는 기사 읽고 진짜 눈앞이 캄캄해졌다”고 말한 뒤 “(야당이) 소방관 증원에 반대하며 ‘화재 많이 나지 않는다’고 운운한 게 올해 7월”이라고 했다. 지난 추경 때 소방관 등 공무원 증원 예산을 반대했던 점을 상기시킨 것이다. 안철수 국민의당 대표가 화재 직후 현장을 방문하자 정치권의 당시 행보가 다시 도마에 올랐다. ‘@se****’는 “증원이 화재를 막을 수 있었다고 얘기하는 게 아니다”라며 “소방관 증원도 재난관리 시스템을 현실화하는 중요한 요소다. 충원 막고 자랑스러워했던 국민의당의 행태를 지적하지 않을 수 없다”고 했다.청와대 국민청원에는 ‘소방차가 출동 중에 불법 주차된 차량을 손상시키거나 밀어버려도 소방관들이 책임지지 않도록 해달라’는 청원도 시작됐다.▶ 경향신문 SNS [트위터] [페이스북] ▶ [인기 무료만화 보기]©경향신문(www.khan.co.kr), 무단전재 및 재배포 금지",fire,kyunghyang
[제천 화재 참사]또 타버린 ‘안전’,"
			ㆍ화재경보기는 울리지 않고 스프링클러는 잠겼다. 불법주차는 소방차를 막았다.ㆍ유족은 물었다. 세월호 이후 뭐가 나아졌냐고.
	
		
29명이 사망한 충북 제천시 노블휘트니스앤스파 화재 사고 현장이 22일 처참한 외형을 드러내고 있다. 이번 사고는 2008년 사망자 40명이 발생한 경기 이천시 냉동창고 화재 이후 최악의 참사로 기록됐다. 연합뉴스인구 13만 소도시의 랜드마크이자 주민들의 휴식 공간이었던 충북 제천시 노블휘트니스앤스파 건물이 하루 새 흉물로 변해 폭탄처럼 박혀 있다. ‘안전불감’ 대한민국의 자화상이다.지난 21일 발생한 화재로 이곳에서 총 29명이 목숨을 잃고 35명이 부상을 입었다. 생존자와 목격자들에 따르면 불이 났지만 화재경보기는 울리지 않았고 스프링클러는 물을 뿌리지 못했다. 불법 주차된 차량은 소방차의 진입을 방해했고 사다리차는 중요한 순간에 펴지지 않았다. 수능 시험을 마치고 꿈에 부풀어 있던 여고생은 숨이 막혔다. 화마에서 벗어나기 위해 지문이 닳도록 밀고 두드렸지만 유리문은 열리지 않았다. 40대 남성은 “살려 달라”는 장모의 전화를 받고도 속수무책이던 자신을 자책했다. 22일 사고 현장을 찾은 문재인 대통령에게 희생자 유족은 물었다. “세월호 이후 좀 나아지는가 했는데 나아진 게 무엇인가.”불은 1층 주차장 천장의 배관 열선 설치 작업을 하다 불똥이 1㎝ 두께의 스티로폼에 옮겨붙어 아래로 떨어지면서 시작된 것으로 소방당국은 추정했다. 불길은 차량 16대를 태우고 가연성 외장재와 건물 내부로 확산되면서 순식간에 꼭대기까지 번져 나갔다. 20명이 숨진 2층 여성 사우나에서는 출입문이 작동하지 않고 비상계단으로 통하는 길목은 막혀 있었다. 당국은 만 하루가 지나서야 이 건물이 8층이 아닌 9층이라고 정정했다. ▶3주 전 소방점검 때 문제 발견하고도 소방서에 보고 안 했다
	
		
‘발화 추정’ 1층 주차장 천장 조사 국립과학수사연구원과 경찰 등 합동감식반이 22일 충북 제천시 노블휘트니스앤스파 1층 주차장에서 전날 발생한 화재의 발화 지점을 조사하고 있다. 이준헌 기자충북 제천시 ‘노블휘트니스앤스파’ 화재는 불에 취약한 건물 구조와 업체의 안전 불감증이 부른 참사였다. 화재가 난 건물은 발화 지점인 1층 주차장이 필로티 구조인 데다 외벽도 불길이 번지기 쉬운 드라이비트로 시공돼 있었다. 소방점검 결과 자동화재탐지설비에 문제가 있었다.22일 건축법과 국토교통부의 ‘건축물의 피난·방화구조 등의 기준에 관한 규칙’ 등을 보면 6층 이상 또는 높이 22m 이상인 건축물의 외벽에는 불연재료나 준불연재료를 마감재로 사용해야 한다. 이는 2015년 1월 130명(사망 4명·부상 126명)의 사상자가 발생한 경기 의정부시 도시형생활주택 화재 이후 만들어진 규정이다. 당시 화재 확산 원인으로 가연성 외장재인 드라이비트가 지목되면서 정부가 법까지 바꿔가며 마련한 대책이다. 그러나 29명이 사망한 이번 제천 화재 참사 역시 똑같은 문제가 반복됐다. 불이 난 노블휘트니스앤스파 건물은 외벽이 드라이비트 공법으로 시공됐다. 현행 규정대로라면 이 건물은 건축법 위반이다. 하지만 이 건물은 2010년에 지어져 2015년 개정된 현행법을 적용받지 않았다. 의정부 화재 참사 이후 대책을 마련했지만 그 이전에 세워진 건물의 화재 방비에는 무용지물인 셈이다. 한국 고층 건물 상당수는 2015년 이전에 지어졌다.  화재 발생 지점인 1층 주차장의 필로티 구조도 불길과 연기가 빠르게 확산된 원인으로 지목된다. 필로티 건물은 최근 포항 지진 당시 지진에 취약한 구조로 논란이 됐다. 이런 건물 구조는 지진뿐만 아니라 화재 발생 시에도 취약할 수밖에 없다. 필로티 구조는 불이 나면 외부 공기가 많이 유입돼 연소가 빨라지는 결과를 낳는다. 이재오 대전대 소방방재학과 교수는 “필로티에는 벽이 없어 불이 나면 방화벽 역할을 할 것이 없다”며 “출입을 필로티를 통해 할 수밖에 없는 것도 문제”라고 말했다. 이 교수는 또 “이번 화재를 보면 건물 외부보다 내부에서 불길이 많이 돌출된 것 같다”며 “드라이비트보다 필로티가 더 문제였을 수 있다”고 말했다.인명 피해가 가장 많았던 2층 여성 사우나의 꽉 막힌 통유리 구조도 문제였다. 소방당국은 화재 당일 “사우나 시설 외부가 통유리로 막혀 있어 유독가스가 많이 찼고 안에 있던 분들의 대피가 어려웠던 것으로 추정된다”고 밝혔다. 이런 상황에서 건물 내부 소방시설의 문제도 드러났다. 지난달 30일 소방시설관리업체가 해당 건물의 소방안전시설을 점검한 결과 자동화재탐지설비에 일부 불량이 있었던 것으로 확인됐다. 자동화재탐지설비는 건물 안에서 열이나 연기가 발생하면 자동으로 감지해 비상벨 등으로 화재 발생 상황을 알리는 기능을 한다. 이 설비에 문제가 생기면 비상벨이 늦게 작동해 화재 대피가 지연될 수 있다. 건물 내 스프링클러도 밸브가 막혀 작동할 수 없는 상황이었던 것으로 파악됐다. 자유한국당 홍철호 의원은 “소방청 자료를 보면 화재 당시 1층 로비에 설치된 스프링클러 설비의 알람 밸브가 폐쇄돼 스프링클러가 건물 전 층에서 작동하지 않은 것으로 드러났다”고 밝혔다. 홍 의원은 “화재 건물은 지난해 10월31일 제천소방서에서 소방특별조사를 받았는데 당시에는 스프링클러가 정상 작동된 것으로 나타났다”며 “올해는 소방특별조사를 한 차례도 받지 않았다”고 말했다.지난달 30일에는 소방시설관리업체를 통한 자체 소방점검이 진행됐지만 일부 시설의 문제가 확인되면서 30일 이내에 관할 소방서에 제출돼야 할 보고서가 화재 당시까지 제출되지 않은 상태였다. 제천소방서 관계자는 “업체로부터 보고서가 제출되지 않았고 ‘점검 시 지적사항이 많아 제출하지 못했다’는 답변을 들었다”며 “화재 발생 이후 보고서를 받아본 결과 자동화재탐지설비와 대피유도등, 소화기에 일부 문제가 있었던 것으로 파악됐다”고 말했다.▶ 경향신문 SNS [트위터] [페이스북] ▶ [인기 무료만화 보기]©경향신문(www.khan.co.kr), 무단전재 및 재배포 금지",fire,kyunghyang
"[제천 스포츠센터 화재]연기 보고 달려온 청소업체 사다리차, 3명 구조","
			
	
		
충북 제천 스포츠센터 화재현장에서 미처 빠져나오지 못하고 8층 난간에 피해 있던 3명을 건물 외벽 청소업체의 사다리차(사진)가 극적으로 구해냈다.외벽 청소와 유리 설치를 하는 이양섭씨(54)는 오후 5시쯤 자신의 회사 사다리차로 8층 베란다 난간에 피해 있던 3명을 극적으로 구조했다. 이씨가 이들을 구한 시간은 오후 5시쯤으로 조금만 더 늦었다면 구조가 어려웠을 수도 있는 급박한 상황이었다.이씨는 연합뉴스와의 인터뷰에서 “멀리서 연기를 보고 큰불이 났다고 생각해 화재 현장 인근에 사는 친구에게 전화했더니 건물 옥상에 여러명이 매달려 구조를 요청하고 있다고 했다”며 “서둘러 사다리차를 몰고가 8층 외벽에 사다리를 붙였다”고 말했다. 그는 “사람들이 탑승한 것을 확인한 뒤 사다리를 밑으로 끌어내렸고, 사다리가 4층쯤 내려왔을 때 (연기에 그을려) 얼굴이 새까만 3명이 구조된 것을 확인했다”며 “그제야 안심이 돼 다리에 힘이 쭉 빠졌다”고 말했다. 이씨에 의해 구조된 3명은 인근 병원으로 이송됐으며 다행히 크게 다친 곳은 없는 것으로 알려졌다.▶ 경향신문 SNS [트위터] [페이스북] ▶ [인기 무료만화 보기]©경향신문(www.khan.co.kr), 무단전재 및 재배포 금지",fire,kyunghyang
“아무리 씻어도 탄 냄새…제천 희생자 떠올라 고통의 나날”,"
			ㆍ화재 참사 때 15명 구한 할아버지와 손자 ‘트라우마’
	
		
“몸에서는 아직도 탄 냄새가 나는 것 같고, 2시간마다 잠에서 깨 안도의 한숨을 쉽니다.” 충북 제천의 ‘노블휘트니스앤스파’ 참사에서 15명을 구한 ‘의인’ 이상화씨(69·사진 왼쪽)와 손자 재혁군(15·오른쪽)은 외상후스트레스장애로 고통을 겪고 있다.두 사람은 27일 경향신문과의 인터뷰에서 “어두운 밤이 되면 불이 난 건물 안에 갇혀 있는 것 같아 무섭다. 희생된 사람들이 떠올라 하루하루가 힘들다”고 털어놨다.이씨와 재혁군은 지난 21일 발생한 화재 당시 상황을 똑똑히 기억한다. 인근 중학교를 다니던 재혁군은 사고 당일 오후 2시20분쯤 건물 4층에 있는 헬스장을 찾았다. 한 시간 뒤 3층 사우나에 있던 이씨도 헬스장으로 올라왔다. 함께 이야기를 나누며 운동을 하던 이들은 “불이야” 하는 소리에 헬스장 밖으로 뛰쳐나갔다. 계단을 통해 건물 밖으로 나가려던 이들은 2층 계단에서 발을 동동 구르고 있는 사람들을 발견했다. 대부분 여성이었다. 창문을 열어보려 했지만 반밖에 열리지 않았다. 화분을 던져도 유리창은 깨지지 않았다. 결국 재혁군이 힘으로 창문틀을 뜯어냈다. 사람들은 이씨와 재혁군의 도움으로 건물 밖 3m 정도 밑의 바닥으로 뛰어내렸다. 마지막 한 여성은 “너무 높다”며 쉽사리 뛰어내리지 못했다. 먼저 건물 밖으로 나온 두 사람은 바닥에 놓인 책상을 타고 올라가 이 여성의 탈출을 도왔다. 그러고는 정신을 잃었다.다시 정신을 차린 것은 병실 안이었다. 자신들이 몇 명을 구한지도 기억하지 못했다. 이씨는 “같은 병원에 있던 할머니 한 분이 찾아와 ‘고맙다’며 펑펑 울었다”며 “나중에 사람들에게 물어보니 우리들이 ‘15명을 건물 밖으로 대피시켰다’고 하더라”고 말했다. 이번 화재로 이씨는 목에 화상을 입고 척추뼈에 금이 가는 부상을 당했다. 재혁군은 발목을 다쳤다.두 사람의 상처는 조금씩 아물고 있지만 당시 처참했던 상황은 이들을 여전히 괴롭힌다. 이씨는 병실에서 뜬눈으로 밤을 지새운다고 했다. 이씨는 “수면제를 먹어도 2시간마다 잠에서 깬다”며 “죽음에 대한 공포 때문에 계속 가슴이 두근거린다”고 했다. 그는 “뉴스를 보면 그때 상황이 떠오를 것 같아 아예 TV를 보지 않고 있다”고 말했다. 재혁군은 “몸에서 나는 매캐한 냄새가 싫다. 아무리 씻어도 사라지지 않는다”고 했다. 재혁군은 “밤이면 당시 상황이 떠올라 잠을 잘 수 없다”면서 “빨리 정상으로 돌아가고 싶다”고 말했다.제천시는 재난심리지원팀을 구성해 화재 사고 희생자 유족과 부상자 39명의 심리치료를 돕고 있다.▶ 경향신문 SNS [트위터] [페이스북] ▶ [인기 무료만화 보기]©경향신문(www.khan.co.kr), 무단전재 및 재배포 금지",fire,kyunghyang
"“화재 당일, 관리인이 보온등 타이머 확인했다” 진술 확보","
			ㆍ경찰, 고장에 무게…보온등, 이전 건물주가 설치한 듯ㆍ현 건물주·관리인 업무상과실치사상 혐의 영장 신청충북 제천시 ‘노블휘트니스앤스파’ 화재 발화 지점에 불법 설치된 것으로 보이는 보온등의 존재를 확인한 경찰이 화재 원인 규명에 속도를 내고 있다. 경찰은 화재 당일 발화 지점인 1층 천장부에서 이뤄졌던 관리인의 작업은 “보온등 타이머를 본 것”이라는 추가 진술을 확보했다.
	
		
합동감식 합동감식 충북 제천시 ‘노블휘트니스앤스파’ 앞에서 합동 현장감식을 하고 있는 소방당국과 경찰이 26일 화재가 난 건물을 가리키고 있다.   연합뉴스화재 사건을 수사 중인 충북경찰청 수사본부 관계자는 26일 “화재 당일 천장부에서 손으로 얼음을 제거했다는 관리인의 진술은 신빙성이 없는 것으로 판단한다”며 “관리인이 천장에 올라가 (보온등) 타이머를 봤다는 새로운 진술 등에 신뢰성이 있어 진위를 확인 중”이라고 밝혔다.경찰은 보온등의 설치 시기와 방법 등에 대해서도 확인했다. 경찰 관계자는 “천장에는 보온등과 열선이 다수 있다. 타이머 장치도 있고 상시 전원도 있다. 타이머를 설치해 보온등이 일정 시간 작동되게 했을 수 있다”며 “타이머가 고장 났을 수도 있는 것으로 본다”고 말했다. 이 관계자는 “보온등은 현 건물주가 인수할 때부터 이미 설치돼 있었다”며 “이전 건물주가 공사를 한 것으로 보인다”고 덧붙였다.보온등 설치 시기 및 방법은 화재 원인 규명에 있어 중요한 부분이다. 화재감식 전문가들은 1층 필로티 주차장의 플라스틱 재질 천장 마감재 안에 보온등이 설치된 것을 유력한 화재 원인으로 보고 있다. 김광선 한국화재감식학회장은 “보온등은 처음에 잘 설계가 돼서 설치됐더라도 시간이 지나면서 관리가 안돼 화재를 부를 가능성이 크다”고 말했다.
	
		
소방점검 업체 압수수색 26일 오전 경찰이 29명의 사망자가 발생한 충북 제천시 ‘노블휘트니스앤스파’ 건물의 소방전문관리를 맡은 업체를 압수수색해 관련 서류를 차량에 싣고 있다.   연합뉴스이날 이번 화재 참사 희생자들의 장례가 마무리되고, 화재 원인 규명에도 한발 다가섬에 따라 향후 피해 확대 원인과 책임자들에 대한 수사가 과제로 남게 됐다. 경찰은 이날 노블휘트니스앤스파 건물주 이모씨(53)에 대해 업무상 과실치사상과 ‘소방시설 설치유지 및 안전관리에 관한 법률’ 위반, 건축법 위반 혐의로 구속영장을 신청했다. 함께 구속영장이 신청된 관리인 김모씨(50)에게는 업무상 과실치사상 혐의가 적용됐다. 이들은 건물 안전을 책임지는 관리자로서 소방시설을 부실하게 관리해 많은 사상자가 발생하도록 한 혐의 등을 받고 있다.경찰은 화재 이후 건물 2층 여성목욕탕 비상구 쪽에 물건을 쌓아 놓고, 스프링클러 알람 밸브를 잠가 놓는 등 이들이 소방시설을 제대로 관리하지 않은 사실을 확인했다. 또 지난 8월 건물을 경매로 인수한 이씨가 8∼9층에 캐노피(햇빛 가림막)와 테라스를 불법 설치한 것이 확인돼 건축법 위반 혐의가 추가됐다. 경찰은 건물의 전 소유자인 박모씨(58)에 대해서도 조사 중이다. 앞서 경찰은 박씨를 참고인 신분으로 조사했다. 박씨가 건물을 소유했을 때에도 불법 증축이 있었고 보온등도 설치된 것으로 파악된 만큼 조만간 입건 조사할 방침이다. 경찰은 이날 피해가 커진 원인을 밝히기 위해 해당 건물의 소방시설 점검을 했던 강원 춘천시의 소방시설관리업체도 압수수색했다.▶ 경향신문 SNS [트위터] [페이스북] ▶ [인기 무료만화 보기]©경향신문(www.khan.co.kr), 무단전재 및 재배포 금지",fire,kyunghyang
“아픔 나누려 영업 쉽니다”…‘잿빛 성탄’ 보듬은 제천,"
			ㆍ화재 참사 합동분향소 추모 행렬ㆍ시내 곳곳 트리 대신 검은 현수막성탄절인 25일 충북 제천 거리는 조용했다. 성탄을 축하하는 트리 대신 검은 현수막들이 거리를 메웠다. 지난 21일 화재가 발생한 ‘노블휘트니스앤스파’ 인근 일부 상점은 “아픈 마음을 같이하여 영업하지 않는다”며 문을 걸어 잠갔다. 인근 아파트 단지에도 ‘입주민 일동’ 명의로 “스포츠센터 화재로 유명을 달리하신 고인의 명복을 빕니다”라는 추모 현수막이 내걸렸다. 29명이 숨진 화재 참사를 겪은 제천시민들은 연휴 나들이에 나서는 대신 희생자들의 합동분향소가 마련된 제천체육관으로 발길을 돌렸다. 지난 23일 설치된 합동분향소에는 연휴 기간 3일 동안 시민 5000여명이 다녀갔다. 11살 쌍둥이 딸과 함께 분향소를 찾은 김광열씨(55)는 “제천은 한 다리만 거치면 다 아는 사람이다. 분향소 오면 가슴이 아프다. 그래도 또 올 거다”라며 “안전불감증으로 많은 사람이 희생되는 일은 없어야 한다”고 말했다.분향소에서는 참사로 지인을 잃고 눈물을 흘리는 시민들, 부모 품에 안긴 채 국화 한 송이를 손에 든 아이 등 너나 할 것 없는 추모의 물결이 일렁였다. 분향소 한쪽의 게시판에는 조문객들의 메모가 빼곡했다. “여기서 너무 힘들었잖아. 거기선 예쁜 거 좋은 거 많이 해. 위에서 나 잘 지켜봐. 내가 금방 가서 나 왔다고 할게.” 누구에게 남긴 것인지 알 수 없는 메모는 조문객들을 숙연하게 했다.정부 관계자와 정치인들도 연휴 기간 합동분향소를 찾았다. 김부겸 행정안전부 장관은 이날 분향소에서 조문객들을 직접 안내하기도 했다. 세월호 참사를 겪은 제종길 안산시장도 분향소를 찾았다. 추미애 더불어민주당 대표와 홍준표 자유한국당 대표도 이날 잇따라 합동분향소와 화재 현장을 방문했다.문재인 대통령은 제천 화재 참사를 의식한 듯 이날 성탄 메시지를 내놓지 않았다. 문 대통령은 서울 예술의전당에서 열린 개신교·천주교 연합 성탄음악회 참석에 앞서 천주교 광주대교구장 김희중 대주교, 한국기독교교회협의회(NCCK) 이홍정 총무 등과의 환담에서 “하루아침에 모든 것을 다 바꿀 수는 없지만 국민 생명과 안전을 지키는 나라를 만들기 위해 함께 노력해 가자”고 말했다. 제천에서는 이날도 희생자 5명의 영결식이 열렸다. 26일 4명의 발인을 끝으로 희생자 29명의 장례절차는 마무리된다.▶ 경향신문 SNS [트위터] [페이스북] ▶ [인기 무료만화 보기]©경향신문(www.khan.co.kr), 무단전재 및 재배포 금지",fire,kyunghyang
"[제천 화재 참사]소방차 막은 주차 차량, 벽돌로 유리창 깨고 기어 조작해 밀어내","
			ㆍ시민들 필사적으로 구조 도와ㆍ건물주·직원들 무사히 탈출지난 21일 64명의 사상자가 발생한 충북 제천 노블휘트니스앤스파 화재사고 현장에는 이용자들의 탈출을 도왔던 직원과 구조를 도운 시민이 있었다.인근에 사는 이경엽씨(61)는 사고 당일 오후 4시쯤 화재 현장을 목격했다. 건물 1층과 외벽이 불에 타면서 발생한 연기가 치솟고 있었다. 7분쯤 지났을 때 골목 입구에 굴절 소방차(사다리차)가 도착했다. 하지만 이면도로에 주차된 차량 때문에 굴절 소방차는 접근하지 못했다. 건물 옥상에서는 시민이 구조를 요청하고 있는 상황이었다. 그는 주변에 있던 시민과 함께 차량을 옮겨 소방차의 진입을 도왔다. 바닥에 있던 벽돌로 주차된 차량의 유리창을 깨고 핸드브레이크를 푼 뒤 기어를 중립으로 조작해 차량을 뒤로 밀었다. 이씨는 “한시라도 빨리 소방차가 진입해야 하는 상황이었기 때문에 차량을 빨리 밀어야겠다는 생각만 들었다”고 말했다.3층 남성 사우나 이용객들은 불이 난 것을 일찍 알아차리고 대피를 안내했던 직원들 덕분에 목숨을 건질 수 있었다. 3층은 이번 화재사고에서 단 한 명의 사망자도 발생하지 않은 곳이다. 남성 사우나 이용객 등은 “목욕관리사(때밀이)가 불이 났음을 알렸고 이발사는 우왕좌왕하는 사우나 이용객들을 비상구로 안내했다”고 전했다.남성 사우나에서 탈출한 박치영씨(57)는 “사우나에서 ‘불이야’라고 외치는 목소리를 듣고 급한 마음에 속옷만 입고 사방을 둘러봤지만 기존 출입구에는 연기가 가득해 나갈 수 없었다”며 “(건물 직원으로 추정되는 사람이) 사우나 한쪽 비상구로 유도해 빠져나올 수 있었다”고 말했다. 사우나 이용객들의 탈출을 안내한 직원은 이발사 김종수씨(64)다. 김씨는 “비상구를 찾지 못하는 손님이 있을 수 있어 대피를 유도하다가 연기를 마셨다”고 했다. 그는 사고 당시 마신 연기 때문에 병원에서 입원치료를 받고 있다.건물 소유주와 직원들 중에 사망자는 없다. 건물 소유주 이모씨는 불이 나자 홀로 소화전을 들고 진화를 시도했다고 소방당국에 진술했다. 그러나 거세진 불길에 결국 진화를 포기하고 8층까지 올라가며 대피하라고 소리친 뒤 다시 내려오다 7층 발코니로 대피했다가 구조됐다고 한다. 1층 안내 데스크에 있던 여성 직원과 2층 여성 목욕탕에서 손님들과 함께 있던 세신사 역시 무사히 건물을 빠져나왔다.▶ 경향신문 SNS [트위터] [페이스북] ▶ [인기 무료만화 보기]©경향신문(www.khan.co.kr), 무단전재 및 재배포 금지",fire,kyunghyang
[제천 스포츠센터 화재]“천장서 불꽃” “LPG 충전 뒤”…진술 엇갈려,"
			ㆍ화재 원인은ㆍ1층 주차장서 발생 추정ㆍ소방당국 “수색 후 조사”21일 충북 제천시 하소동 8층짜리 스포츠센터 건물에서 발생한 화재는 1층 주차장에서 시작된 것으로 보인다. 정확한 화재 원인은 파악되지 않았지만 소방당국은 일단 1층 주차장에 세워져 있던 차량에서 불이 시작됐을 가능성이 큰 것으로 보고 있다.불이 난 건물 1층 주차장은 3813㎡ 크기의 필로티 구조다. 화재 당시 주차장에 주차돼 있던 차량 16대가 전소됐다. 목격자들의 다른 진술도 있다. 건물 근처에서 장사를 하는 일부 상인은 “주차장 천장에서 불꽃이 튀었다”고 말했다. 이날 건물 지하에서 전기 공사가 진행됐다는 설도 돌았으나 소방당국은 “확인되지 않았다”고 밝혔다. 현장의 한 주민은 “주차장에 있던 2m 높이 LPG통에 LPG 충전 차량이 와서 충전을 하고 간 뒤 30분 정도 있다 불이 났다”고 했지만, 화재와의 연관성은 확인하기 어려운 상황이다.목격자 진술이 엇갈려 정확한 화재 원인을 파악하기까지는 다소 시간이 걸릴 것으로 보인다. 소방당국 관계자는 “화재 진압과 인명 구조가 우선이기 때문에 건물 내 수색 등이 마무리되면 본격적인 화재 조사에 착수할 것”이라며 “현재로서는 1층 주차장에 주차된 차량에서 불이 시작됐다는 것 이상을 얘기하기 어렵다”고 밝혔다. 또 다른 소방당국 관계자는 “더 자세히 살펴봐야겠지만 차량 피해보다 주차장 자체 훼손이 큰 것으로 볼 때 발화지점은 주차 차량이 아닐 수도 있다”고 말했다.▶ 경향신문 SNS [트위터] [페이스북] ▶ [인기 무료만화 보기]©경향신문(www.khan.co.kr), 무단전재 및 재배포 금지",fire,kyunghyang
"[제천 화재 참사]20여일 전 받은 소방점검, 2층 여성 사우나는 빠져","
			ㆍ영업 중이라 점검 못해 ‘자체 점검’ 실효성 의문ㆍ소방 안전 관련 법안들 국회서 장기간 계류 중충북 제천시 ‘노블휘트니스앤스파’ 건물은 화재가 나기 20여일 전인 지난달 30일 민간업체가 소방안전 점검을 했다.  자동화재탐지설비와 비상구 유도등이 불량했다. 하지만 이들 지적 사항은 모두 신속하게 정비되지 않았다. 특히 점검업체는 이번에 가장 많은 사망자가 발생한 2층 여성 사우나는 조사하지 않았다. 이곳 비상구 통로에는 물건들이 수북이 쌓여 있었다. 허술한 소방점검과 소방법을 강화해야 한다는 목소리가 나온다.24일 ‘화재예방, 소방시설 설치·유지 및 안전관리에 관한 법률’을 보면 복합건축물로서 층수가 5층 이상인 건물은 매년 사용승인일을 기준으로 해당 월 말일까지 소방시설 등을 자체 점검해 관할 소방서에 보고해야 한다. 이 기준으로 보면 이번 화재 건물은 최초 사용승인일인 2011년 7월15일을 기준으로 지난 7월 말까지 소방시설 등에 대한 작동기능 점검을 마쳤어야 한다. 그러나 건물이 경매로 넘어가 소유권이 이전되면서 기간이 유예됐고, 지난달 말에야 점검이 이뤄졌다.문제는 당시 점검이 제대로 이뤄졌는지 확인하기 어렵다는 점이다. 점검 보고서가 아직 제출되지 않았기 때문이다. 화재 이후 관할 소방서에서 파악한 점검 내용에 일부 시설의 문제가 있었다는 것은 확인됐다. 또 2층 여성 사우나는 영업 중인 상태여서 점검을 하지 못한 것으로 드러났다. 건물주가 관리업체 등을 통해 진행하는 자체 점검이 얼마나 실효성을 담보할 수 있을지도 의문이다. 자유한국당 홍철호 의원은 “불특정한 시기에 수시로 소방특별조사를 할 수 있도록 법제도 개선이 시급하다”고 말했다.반복되는 대형 화재 참사에도 소방안전 시스템을 개선하기 위한 관련 법안들이 국회에서 통과되지 못하고 장기간 계류 중인 것도 정부와 정치권이 해결해야 할 문제로 지적된다. 소방차 등 긴급자동차의 통행을 방해할 수 없도록 하는 내용의 도로교통법 개정안이 지난 3월 발의됐지만 아직 소관 상임위원회인 행정안전위원회 심사도 통과하지 못했다. 지난해 11월 일정 규모 이상 공동주택에 소방차 전용 주차구역을 설치하도록 하는 내용으로 발의된 소방기본법 개정안도 마찬가지다.▶ 경향신문 SNS [트위터] [페이스북] ▶ [인기 무료만화 보기]©경향신문(www.khan.co.kr), 무단전재 및 재배포 금지",fire,kyunghyang
[제천 스포츠센터 화재]강풍 타고 번진 불…아수라장 속 “아내가 갇혀있다” 절규,"
			ㆍ화재 발생 4시간 지나서도 잔불 안 잡혀 연기 ‘자욱’ㆍ탈출 이발사 “옷도 못 입은 손님들 줄지어 뛰쳐나가”ㆍ진화 중에도 ‘펑, 펑’ 폭발음…주차된 차들 녹아내려
	
		
사상자 명단 확인하는 가족들 제천시 하소동 스포츠센터 화재 사고 피해자 가족들이 21일 밤 제천서울병원에서 사상자 명단을 확인하고 있다. 연합뉴스시민들의 스포츠 활동 및 휴식 공간이었던 충북 제천시 하소동 8층짜리 스포츠센터는 화마에 휩싸이면서 한순간에 지옥으로 변했다. 건물 1층에서 시작된 불은 중앙통로를 타고 순식간에 건물 전체로 번졌다. 소방당국은 불이 나자 소방인력과 차량을 긴급 투입하고 헬기까지 동원했으나 역부족이었다. 화재가 발생한 지 4시간이 지난 오후 8시까지도 잔불이 잡히지 않아 건물에서 검은 연기가 계속해서 흘러나왔다.처음 발견된 사망자는 건물 2층 여성 사우나에 갇혔던 김모씨(50·여)였다. 이후 수색작업 중 같은 공간에서 추가 사망자들이 확인됐다. 29명 사망자 대부분이 2층 사우나에서 변을 당했다. 부상자들은 인근 병원으로 옮겨져 치료를 받았으나 일부는 상태가 위독해 사망자 수는 더 늘어날 가능성이 있다. 화재 발생 2시간여 만인 오후 5시40분쯤 큰 불길이 잡히자 소방대원들이 곧바로 건물 내부 수색에 들어갔다. 그러나 건물 안에 유독가스가 가득 차 소방관들의 진입이 쉽지 않았고 피해자들 수색에도 애를 먹었다. 특히 사망자가 다수 발생한 2층 사우나는 통유리 구조로 돼 있어 유독가스가 금세 가득 찼고, 이 때문에 대피 및 소방관들의 구조 작업이 어려웠던 것으로 알려졌다.건물 안에 있던 한 남성은 건물 창문으로 빠져나와 외벽에 매달려 있다가 구조됐고, 또 다른 한 남성은 119 소방대가 설치한 에어매트로 뛰어내려 목숨을 건졌다. 주변에서 아수라장이 된 화재현장을 지켜보던 주민들은 안타까운 표정을 지으며 발을 동동 굴렀다. 화재 현장에 있던 한 남성은 “아내가 사우나에 갇혀 있다. 어서 구해달라”고 울부짖었다. 가족이 안에 남아 있는 것으로 보이는 여성도 “살려 달라”고 흐느끼며 화마에 휩싸인 건물을 바라보며 망연자실한 표정을 지었다. 소방서 진화작업 중에도 건물 내부에서는 ‘펑, 펑’ 하는 폭발음이 계속 들렸고, 1층 주차장 등 건물 주변에 있던 차량들은 열기로 모두 녹아내렸다. 화재 당시 건물 4층 헬스장에 있다가 탈출한 한 남성은 “운동하고 있는데 갑자기 바깥에서 연기가 들어오고 화재 비상벨이 울렸다”며 “남성 사우나가 있는 3층으로 내려가 그곳에서 안내를 받아 비상구를 통해 1층으로 바로 내려왔다”고 말했다. 이어 “탈출 당시 남성들만 내려온 게 보였고, 여성들은 잘 보이지 않았다”고 덧붙였다. 3층 남성 사우나에는 10여명이 있었던 것으로 알려졌다. 연기 냄새를 맡고 비상벨을 들은 이들은 이발사 김모씨(64)의 안내로 비상구를 통해 탈출했다. 김씨는 “갑자기 비상벨이 울렸고 창밖에는 불길과 연기가 솟아오르고 있었다”며 “순식간에 독한 연기가 3층까지 밀려들어왔고 미처 옷을 입지 못한 손님들이 줄지어 뛰쳐나갔다”고 당시 긴박했던 상황을 전했다.▶ 경향신문 SNS [트위터] [페이스북] ▶ [인기 무료만화 보기]©경향신문(www.khan.co.kr), 무단전재 및 재배포 금지",fire,kyunghyang
"[제천 화재 참사]“화재 90분 후 장모님 구조 요청 전화, 2층 사우나의 통유리창만 깼어도…”","
			ㆍ가슴 치는 유족들29명의 목숨을 앗아간 충북 제천 노블휘트니스앤스파 화재 참사의 희생자 시신이 안치된 제천서울병원은 22일 급작스러운 비보를 접한 유족들의 통곡 소리가 끊이지 않았다. 병원이 장례식장 2층에 마련한 유가족 대기실은 황망한 소식을 듣고 전날부터 뜬눈으로 밤을 지새운 유족들로 가득 찼다. 이번 참사로 한날한시에 가족 3명을 잃은 김모씨(55)는 넋을 잃은 표정이었다. 그는 장모 김모씨(80)와 아내 민모씨(49), 딸 김모양(18)을 동시에 잃었다. 사고 당일 김씨의 아내는 딸과 함께 친정을 찾았고, 점심식사를 마친 뒤 3대가 함께 사우나에 갔다가 변을 당했다. 특히 딸은 이제 막 수능을 마치고 대학 입학을 앞두고 있던 터라 주변의 안타까움을 더했다. 숨진 민씨의 제부인 박모씨(47)는 “어제 오후 5시20분쯤 장모님으로부터 전화가 왔다”면서 “구조대가 2층 사우나 통유리를 조금만 일찍 깼다면 살 수 있었다”고 한탄했다. 이는 최초 화재 신고가 접수된 오후 3시53분으로부터 1시간 반가량이 지난 시점이다. 그 시간까지도 희생자들이 건물 안에서 살아 있었다는 의미다. 이번 사고로 여동생 강모씨(46)를 잃은 한 유족은 바닥에 주저앉아 “처음 사망자 명단에 없어서 가슴을 쓸어내렸는데 동생이 명단에 있다”면서 통곡했다. 동네 주민 김화자씨(55)는 “한 동네 살면서 친한 아줌마들과 매일 헬스장에 갔다가 사우나를 하는 모임이 있었는데, 어제는 내가 사정이 있어 못 갔다”면서 “매일 갔던 그곳에서 친구 5명이 죽었다. 아직도 가슴이 떨린다”고 말했다. 일부 유족은 가족의 시신을 확인한 결과 손바닥의 지문이 심하게 훼손돼 있었다며 사우나실을 탈출하려던 희생자들의 절박했던 상황에 가슴을 내리쳤다. 일부 희생자들의 신원 확인이 늦어지면서 화재 발생 24시간이 지나도록 대다수 희생자들의 빈소조차 마련하지 못했다. 유족들은 이날 진상조사분과와 법무분과가 있는 유족대표협의회를 구성했다. 유족 대표 류건덕씨는 “오늘 국과수 1차 현장 감식을 중단시키고 유족 참여를 보장하라고 요구했다”면서 “구조 과정에서 통유리를 깨지 못한 이유에 대해 소방당국의 해명을 요구한 상태”라고 말했다.▶ 경향신문 SNS [트위터] [페이스북] ▶ [인기 무료만화 보기]©경향신문(www.khan.co.kr), 무단전재 및 재배포 금지",fire,kyunghyang
[제천 스포츠센터 화재]부인·딸·장모 잃은 남성 “친정 갔다가 하필 거길…”,"
			ㆍ사상자 가족들 병원 안내판 앞에서 오열…신원 확인 안된 시신도 여럿21일 충북 제천시 스포츠센터에서 발생한 불로 사망한 피해자들의 시신과 부상자들이 옮겨진 제천서울병원은 시신을 확인한 가족들의 울음소리로 가득 찼다.　가족과 지인을 찾기 위해 많은 사람들이 병원을 찾아와 사망자와 입원자 명단이 있는 병원 안내판 앞으로 몰렸다. 안내판 앞에서 가족의 명단을 확인한 사람들은 서로 부둥켜안고 울음을 터뜨렸다. 옆에 있던 중년 여성 2명은 제대로 걷지도 못하면서 오열했다. 　가족의 시신을 확인하고 나온 한 50대 남성도 보호자 대기실 의자에 앉아 눈물을 흘렸다. 그는 이날 화재로 부인과 딸, 장모를 잃었다. 이날 경기 용인에서 가족이 내려와 부인과 딸이 장모와 함께 사우나에 갔다가 변을 당했다.　여고생으로 보이는 3명은 병원 로비에 모여 “친구가 불이 난 건물에 갇혔는데 입원했는지, 죽었는지 아직도 알 길이 없다. 전화도 되지 않는다”면서 “구조됐다는 소식을 듣고 왔는데 입원자 명단에 없어서 기다리는 중”이라고 말했다. 다른 한 여성도 “어떡해”라고 외치며 병원을 돌아다니면서 친구를 찾기도 했다. 화재를 목격했다는 여고생은 “오후 4시쯤 건물에 불이 났는데 정말 삽시간에 커졌다”며 “건물 안에 친구 어머니가 계셨다고 하는데 아직 찾지 못해서 기다리고 있다”고 말했다.　친구의 생사를 확인하러 병원으로 달려온 50대 남성은 “처음에는 짙은 연기가 올라와 이게 뭔가 싶어서 내다보니 검은 연기가 꽉 차서 타이어 타는 줄 알았다”며 “내가 본 불길 속에 친구가 있을 줄은 몰랐다. 지금 생사를 확인하려고 기다리고 있다”고 말했다. 여동생을 잃은 한 유가족은 “평소에는 불이 난 건물 바로 옆 목욕탕을 다녔는데 하필 오늘 그곳을 가서 변을 당했다”며 울부짖었다.　이 병원에 안치된 시신 13구 중 6구는 아직 신원이 밝혀지지 않았다. 경찰 관계자는 “소지품 등으로 신원 확인이 어려운 시신은 지문을 확인하고 있다”고 말했다.▶ 경향신문 SNS [트위터] [페이스북] ▶ [인기 무료만화 보기]©경향신문(www.khan.co.kr), 무단전재 및 재배포 금지",fire,kyunghyang
[제천 화재 참사]“다음달에 가족 첫 해외여행 가려 했는데…”,"
			ㆍ희생자 5명 눈물의 영결식ㆍ26일 4명 ‘마지막 하늘 길’크리스마스인 25일 많은 제천시민들은 장례식장을 찾아 화재 사고로 숨진 희생자들의 마지막 가는 길을 배웅했다. 이날 오전 7시 명지병원 장례식장에서 최순정씨(49) 유족들은 “최순정, 최순정, 최순정….” 고인의 이름을 부르며 운구차를 두드렸다. 제천 ‘노블휘트니스앤스파’ 화재 사고 희생자인 최씨는 가족들을 두고 돌아올 수 없는 길을 떠났다. 최씨는 억척같이 살았다. 낮에는 화재가 발생한 건물 인근 고등학교 급식소에서 10여년 동안 일했고, 밤에는 남편과 대리운전을 했다. 다음달에는 가족과 첫 해외여행으로 베트남을 가겠다는 계획도 세웠다. 하지만 최씨는 지난 21일 일을 마치고 평소처럼 운동을 하기 위해 헬스장을 찾았다가 차가운 시신으로 발견됐다.이날 오전 8시 제천 서울병원 장례식장에서는 코레일 기관사 안익현씨(58)의 영결식이 진행됐다. 코레일 제천기관사 승무사업소 소속인 안씨는 사고 당일 등산을 한 뒤 사우나에 갔다가 변을 당했다. 그는 연기와 불길을 피해 옥상으로 올라가려 했지만 결국 돌아오지 못했다. 아버지를 보내는 삼남매의 눈에서는 눈물이 멈추지 않았고 사랑하는 남편을 잃은 부인은 몸을 가누지 못할 정도로 통곡했다.남편에게 훌륭한 아내이자 자녀들에게 자상한 엄마였던 최숙자씨(55)도 이날 오전 6시30분 제일장례식장에서 먼 여행을 떠났다. 남편 박장주씨는 아들과 침통한 표정으로 아내의 마지막 가는 길을 지켜봤다. 딸은 갑작스럽게 세상을 떠난 어머니의 관을 보며 오열했다. 사고 당일 최씨는 마트에서 일을 마친 뒤 사우나를 찾았다가 희생됐다. 최씨의 지인들은 대회에 나가 대형 TV를 타올 정도로 최씨가 노래를 잘했다고 전했다. 상품으로 받은 TV를 시아버지에게 드릴 정도로 효부였다.이날 채인숙씨(50)와 홍은주씨(59)의 영결식도 제일장례식장과 제천 서울병원에서 진행됐다.지난 23일 희생자 중 처음으로 아내 장경자씨(64)의 발인을 치른 김인동씨(64)는 이날 백설기가 들어있는 고인의 작은 가방을 받고 오열했다. 이 가방 안에는 아내의 휴대전화 등 소지품과 함께 백설기 두 덩어리가 들어있었다. 김씨는 “내가 떡을 좋아해서 아내가 챙겨뒀던 거 같다”며 울먹였다. 이날까지 제천 노블휘트니스앤스파 화재 사고 희생자 29명 중 25명의 장례절차가 끝났다. 26일에는 박한주(62)·박재용(42) 목사 등 4명의 영결식이 예정돼 있다.▶ 경향신문 SNS [트위터] [페이스북] ▶ [인기 무료만화 보기]©경향신문(www.khan.co.kr), 무단전재 및 재배포 금지",fire,kyunghyang
제천 스포츠센터 큰불…29명 사망,"
			ㆍ1층 주차장서 불길 치솟아 순식간에 8층 건물 전체 덮쳐ㆍ사망자 상당수 2층 여성 사우나 이용객…부상자는 20여명ㆍ두 시간 만에 불길 잡고도 유독가스·연기에 구조 어려워
	
		
건물 에워싼 ‘화마’ 21일 오후 충북 제천시 하소동 8층짜리 스포츠센터 건물에서 불이 나 검은 연기가 하늘로 치솟고 있다. 소방관들이 긴급 출동, 진화와 구조 작업을 벌이고 있다. 연합뉴스충북 제천시의 8층짜리 스포츠센터 건물에서 큰불이 나 최소 29명이 사망했다. 이들 중 상당수는 불이 난 건물 2층 여성사우나에 있다 참변을 당했다.충북도 소방본부에 따르면 이날 오후 3시53분쯤 제천시 하소동에 위치한 사우나와 스포츠센터가 있는 8층짜리 건물에서 불이 났다. 이 불로 건물 내부에 있던 여성 김모씨(50) 등 29명이 숨지고 20여명이 다쳐 인근 제천서울병원 등으로 이송됐다. 소방당국은 “추가 사망자가 발견될 수도 있다”고 말했다. 이 건물은 2~3층에 목욕탕, 4·7층에 헬스클럽, 8층 레스토랑 등이 있는 복합시설이다. 목격자들에 따르면 건물 1층 주차장에서 치솟기 시작한 불길과 검은 연기가 순식간에 건물 전체를 뒤덮었다. 불이 나자 많은 이용객들이 빠져나왔지만 미처 나오지 못한 사람들은 옥상으로 대피하거나 외벽 난간에 매달리기도 했다. 일부 이용객들은 소방서가 준비한 에어매트로 뛰어내렸다. 그러나 2층 여성사우나에 있던 20명은 빠져나오지 못하고 화를 당한 것으로 전해졌다. 나머지 사망자들은 7층에서 5명, 6층에서 2명, 6층과 7층 사이 계단에서 2명이 발견됐다. 사망자 대부분은 여성인 것으로 알려졌다.화재 현장 인근에 있던 한 외벽 청소업체는 사다리차를 동원해 건물에 갇혀 있던 3명을 극적으로 구조해낸 것으로 알려졌다. 이 업체는 건물 8층 베란다에서 구조를 기다리던 3명을 구조했다.소방당국은 신고가 접수된 직후 화재 진압 차량과 구급차 20여대, 소방인력 50여명, 헬기 2대를 출동시켜 진화에 나섰지만 많은 양의 연기와 유독가스로 진화에 어려움을 겪었다. 특히 건물 주변에 주차된 차량이 많아 소방차의 진입이 늦어진 것으로 알려졌다. 화재 발생 2시간여 만인 오후 5시40분쯤 큰 불길을 잡은 소방당국은 건물 내부 수색에 들어갔다. 소방당국은 일단 불이 1층 필로티 구조 주차장에 있던 차량에서 시작된 것으로 보고 정확한 화재 원인을 조사 중이다.문재인 대통령은 “신속한 화재 진압과 구조를 통해 인명 피해가 최소화되도록 만전을 기해주길 바란다”고 지시했다. 이낙연 국무총리도 “행정안전부 장관, 소방청장 등은 가용한 모든 장비와 인력을 동원해 인명 구조와 화재 진압에 최선을 다해달라”고 지시했다. 김부겸 행안부 장관이 현장에서 화재 진압과 구조 작업을 지휘했다.▶ 경향신문 SNS [트위터] [페이스북] ▶ [인기 무료만화 보기]©경향신문(www.khan.co.kr), 무단전재 및 재배포 금지",fire,kyunghyang
"[사설]또 재난이라니, 충격적인 제천 스포츠센터 화재","
			21일 충북 제천시의 한 스포츠센터에서 불이 나 50여명이 죽거나 다치는 대형 참사가 발생했다. 이날 밤 현재 사망자는 29명, 부상자는 20여명이다. 소방당국의 수색이 진행되면서 사상자는 늘어나고 있다. 1층 주차장에서 발생한 화재는 강한 바람을 타고 순식간에 건물 전체로 번지면서 스포츠센터는 아수라장으로 변했다. 특히 많은 사람이 몰려 있던 2층 목욕탕의 아래층에서 발생한 화마가 덮치면서 20명이 사망했다. 건물에서 시뻘건 불길이 치솟고 시커먼 연기가 뿜어나오자 “아내가 2층 사우나에 갇혀 있다”며 울부짖는가 하면 “살려 달라”는 비명이 이어졌다. 이날 화재가 발생한 지 2시간 만에 큰불이 잡힌 데 비해 사상자는 경악스러울 정도로 많았다. 아직 정확한 화재 원인은 밝혀지지 않았지만 불길이 급속하게 확산된 데는 건물 외벽이 불에 타기 쉬운 재질로 만들어졌기 때문이라고 한다. 스티로폼에 시멘트를 바른 단열재 외벽이 연통과 같은 역할을 해 불쏘시개가 되었다는 것이다. 앞서 2015년 경기 의정부시 아파트 화재 당시 화재가 급속하게 확산했던 경우와 유사하다. 게다가 제천 스포츠센터는 아파트보다 화재발생 시 대피가 취약한 다중이용시설이다. 건물 2~3층에는 목욕탕이 위치하고 다른 층에는 헬스클럽, 음식점 등이 입주해 있었다. 화재 때마다 드러나는 구조적인 문제도 겹쳤다. 소방당국은 소방차 진입에 필요한 7~8m의 도로 폭도 제대로 확보되지 않아 진압에 어려움을 겪었다고 한다. 결국 소방당국은 이삿짐 운반용 사다리차를 동원해 구조작업을 진행해야 했다. 또한 날씨가 너무 추워 밸브가 터지면서 굴절차가 작동하지 않은 것도 진압을 늦추는 요인으로 작용했다.세월호 사고를 겪은 뒤에도 대형 참변이 끊이지 않는다. 인천 영흥도 낚싯배 사고가 채 잊혀지기도 전에 타워크레인 사고가 연이어 발생했다. 타워크레인 사고 수습이 제대로 끝나지도 않은 시점에 또 대형 참사가 난 것이다. 화기를 많이 사용하는 계절이기 때문에 화재 예방은 아무리 강조해도 지나치지 않다. 정부는 대구 서문시장과 여수 수산시장 화재를 계기로 다중이용시설에 대한 점검을 실시한 바 있다. 사고가 날 때마다 국가안전진단이라는 거창한 이름을 내걸고 대대적인 안전점검을 실시했으나 사고를 막기에는 역부족이다. 국가의 가장 큰 존재 이유는 시민의 안전을 지키는 일이다. 참사가 연례행사가 되지 않도록 근본적인 대책이 필요하다.▶ 경향신문 SNS [트위터] [페이스북] ▶ [인기 무료만화 보기]©경향신문(www.khan.co.kr), 무단전재 및 재배포 금지",fire,kyunghyang
[경향포토]처참한 화재현장에서 수색작업 벌이는 소방관들,"
			
	
		
21일 밤 대형화재로 29명이 사망한 충북 제천시 하소동 스포츠센터 건물에서 소방관들이 실종자 수색작업을 하고있다.▶ 경향신문 SNS [트위터] [페이스북] ▶ [인기 무료만화 보기]©경향신문(www.khan.co.kr), 무단전재 및 재배포 금지",fire,kyunghyang
[기억된 사진들]깊은 구멍,"
			
	
		
한진중공업 노조위원장 박창수씨의 영안실 벽에 뚫린 구멍, 1991년, 경향신문사사진 속의 장면을 파악하는 데 꽤 오랜 시간이 걸린다. 차근차근 보아도 잘 납득되지 않기 때문이다. 화환과 향, 병풍이 있는 영안실은 왜 난장판이 됐을까. 도대체 무슨 연유로 벽에 구멍까지 뚫린 것일까.1991년 5월7일, 의문사를 당한 박창수 한진중공업 노조위원장의 영안실에 백골단이 침입했다. 그들은 물대포를 쏘아대며 시신 사수대를 폭행했고, 해머로 벽을 뚫어 시신을 탈취해 강제로 부검했다. 이러한 정보를 얻은 후에도 사진은 여전히 비현실적이다. 현실에서 일어나면 안되는 일이 담겼기 때문이다.최근 아이돌 스타의 자살 그리고 제천 화재 참사를 둘러싼 몇몇 보도를 접하며, 구멍 뚫린 영안실의 풍경이 떠올랐다. 아이돌 스타의 비극적 죽음을 다루는 기사는 필요 이상으로 자세하고 집요했다. 유서부터 자살 방법, 당일 행적 그리고 심리 상태와 친분 관계까지 모두 낱낱이 공개될 필요가 있을까. 아무리 공인이라는 점을 감안해도, 죽은 이와 유가족을 위한 배려가 없다는 면에서 ‘클릭 장사’라는 비난을 면하기 어렵다. 한편 KTV 국민방송에서는 제천 화재 참사를 홈쇼핑 방송 형식으로 전달했다. 원래부터 ‘홈쇼핑’ 형식의 차용이 해당 방송의 설정이라고 해도 도무지 이해할 수 없는 일이다.죽음을 둘러싸고 망자를 향한 최소한의 예의조차 지키지 못하는 것만큼 미개한 일은 없다. 한 인간의 죽음을 다루는 우리의 태도와 방식에는 여전히 깊은 구멍이 뚫려 있다.▶ 경향신문 SNS [트위터] [페이스북] ▶ [인기 무료만화 보기]©경향신문(www.khan.co.kr), 무단전재 및 재배포 금지",fire,kyunghyang
[녹색세상]안전하고 지속가능한 사회,"
			
	
		
격변의 해가 저문다. 광장과 길거리를 터질 듯 가득 메운 촛불이 정권교체를 이뤄냈다. 사회 변혁을 향한 힘찬 바람이 불고 있다. 그러나 변화의 물꼬가 막혀 있는 곳도 많다. 문재인 정부의 주요 공약인 ‘안전한 사회’와 ‘지속가능한 사회’가 그렇다. 지난 21일, 제천의 화재는 우리가 아직도 ‘대충’과 ‘설마’라는 안전 불감증에서 벗어나지 못했음을 여실히 보여준다. 시설은 부실하고, 운영은 편의적이고, 점검은 형식적이다. ‘더 빨리, 더 많이, 더 편하게’라는 암묵의 요구에 침묵의 동의를 하는 다수가 있는 한, 안전한 사회는 요원하다.성장을 위해 더 많이 생산하고, 생산한 만큼 더 써야만 하는 경제체제에서 소비주의의 확산은 불가피하다. 소비주의는 이미 우리 사회의 거대한 흐름이 되었다. “나는 쇼핑한다. 그러므로 나는 존재한다.” 지그문트 바우만의 지적대로, 마트는 많은 사람들에게 순례 장소로 등극했고, 쇼핑은 예배가 되었다. 사람들은 얼마나 더 소유하고 소비해야 하는지 더 이상 묻지 않는다. 소비는 가히 경배의 수준에 올랐다. 이런 고도의 소비사회가 지속가능할 리 없지만, 변화를 택하는 사람은 소수다. “설마, 끝장이야 나겠나.” 사람들은 익숙해진 길을 좀처럼 포기하지 않는다.많이 쓰고 쉽게 버리는 생활양식은 생태적 부담과 사회적 갈등의 주요 원인이다. 소비의 증가는 곧 쓰레기의 증가다. 쓰레기는 사라지지 않고 어딘가에 쌓이게 마련이라, 이제는 바다에도 거대한 쓰레기 더미들이 생겨났다. 글자 그대로 “우리의 집인 지구가 점점 더 엄청난 쓰레기 더미”로 변하고 있다(프란치스코 교종, ). 상시적 업무에 대한 비정규직의 확산은 우리 사회가 이제는 사람도 쓰다가 버리는 소모품으로 여기고 있다고 말해준다. ‘버려진’ 노동자들은 아직도 살을 에는 추위에 거리를 헤매고 굴뚝에 올라가 내려오지 못한다. 사람들은 “강박적 소비주의”와 “집착적 소비주의”에 빠진 채 “소비의 자유를 누리는 한” 자유롭다고 착각한다(). 소유와 소비의 능력이 성공으로 간주된다. 경쟁은 치열해지고, 불안과 위기의식이 고조된다. 살아남기 위해 자신을 더 몰아붙인다. 기약 없는 내일에 오늘을 담보로 잡힌 채, 스스로 노예가 된다. 소비주의에서 벗어나지 않는 한, 안전한 사회도 지속가능한 사회도 불가능하다. 부정하기 힘든, 암울한 전망이다.누구나 행복하길 바란다. 소유와 소비에 매달리는 것도 그렇게 되면 행복할 것이라 믿기 때문이다. 하지만 그렇게 얻는 행복은 오래가지 못한다. 끝없이 ‘더’를 향해 질주하는 우리의 고단한 현실이 그 증거다. 사실 우리들은 일상의 소소한 체험을 통해 어떤 때 진정으로 행복해지는지 알고 있다. 앞만 보며 질주할 때가 아니라 옆을 보며 함께 갈 때, 뒤처진 사람들에게 서로 관대히 손을 내밀 때, 우리는 행복하다. 그 행복은 오래 지속된다. 인간 실존(ex-istence)은 자기 ‘밖에 서는(standing outside)’ 존재인 것이다. 자기를 비우고 거기에 타자를 채울수록 충만해지는 역설적 존재, 사람이다. 그러니 소비주의는 인간의 완성을 정면으로 거스르는 길이다. 아무리 많이 소유하고 소비해도, 아니 그러면 그럴수록, 우리는 ‘더’를 향한 끝없는 몸부림에 사로잡힌다.안전하고 지속가능한 사회는 정부의 의지와 노력만으로는 이뤄질 수 없다. 사회의 근본적 변화를 뜻하는 우리 각자의 적극적 응답이 필수다. 우리가 자신을 비움으로 충만해진다면, 소유나 소비가 아닌 내어줌과 검약을 우리의 기본 생활방식으로 삼지 못할 까닭이 어디 있는가.송구영신의 때. ‘더 빨리, 더 많이, 더 편하게’는 이제 그만 우리 마음에서 지우자. ‘조금 천천히, 조금 적게, 조금 불편하게’를 우리 마음에 깊이 새기자. 그럴 때, 안전하고 지속가능한 사회는 느리지만 분명한 우리의 현실이 될 것이다.▶ 경향신문 SNS [트위터] [페이스북] ▶ [인기 무료만화 보기]©경향신문(www.khan.co.kr), 무단전재 및 재배포 금지",fire,kyunghyang
‘국익 침해’ 논리 앞세워 역공 나선 청와대,"
			ㆍ“임종석 UAE 방문 근거 없는 의혹 제기…원전 수출에 악영향”ㆍ“문 대통령 친서 전달…원전 건설 차질 없이 잘 진행돼”ㆍ한국당 “UAE 원전 게이트” 국정조사 요구로 공세 계속청와대는 26일 임종석 대통령비서실장의 아랍에미리트(UAE) 방문을 둘러싼 자유한국당 등 보수야당의 각종 의혹 제기를 두고 “근거 없는 내용이 재생산돼 차후 원전 수주에 악영향을 줄 것”이라고 밝혔다. 탈원전 정책 때문에 원전 수출에 이상이 생겼다는 보수진영의 프레임에 대응해, 이들의 프레임이 오히려 국익을 해치고 있다는 논리를 세워 역공한 것이다.
	
		
바른정당 찾은 정무수석 바른정당 지상욱 정책위의장(오른쪽)이 26일 국회를 찾은 한병도 청와대 정무수석과 당 대표실로 이동하고 있다.     연합뉴스청와대 한병도 정무수석은 이날 바른정당 오신환 원내대표를 예방하러 국회를 방문해 기자들과 만난 자리에서 “일부 언론과 정치권에서 너무 다양한 이야기가 나오고 있어 좀 우려스러운 게 있다”며 “원전 4기가 UAE에서 차질 없이 잘 진행되고 있고 2020년까지 완공 목표로 잘 진행되고 있다”고 말했다.한 수석은 “여러 제기된 문제는 사실이 아니다”라며 각종 의혹 제기가 향후 영국, 사우디아라비아 등에 대한 원전 수출에 도움이 되지 않을 것이라고 했다. 한국전력이 UAE에서 수주한 원전 준공이 지연되고 있으며 지체보상금을 지급해야 한다는 한국당의 의혹 제기에 대해 원전 건설은 정상적으로 진행되고 있다고 반박한 것이다.
	
		
청와대 찾아간 한국당 자유한국당 김성태 원내대표(앞줄 오른쪽에서 두번째)가 26일 당 소속 의원들과 함께 청와대 앞 분수대 근처에서 임종석 대통령비서실장의 아랍에미리트(UAE) 원전 방문 의혹 국정조사와 제천 화재 참사 진상규명 및 책임자 처벌을 요구하는 기자회견을 하고 있다.      김창길 기자 cut@kyunghyang.com청와대 고위 관계자도 기자들과의 만남을 자청해 “원전 건설이 우리 측 실수로 지연됐다든지, 최대 2조원 배상금을 내야 한다든지, 중소업체 (수익) 배분을 못한다든지 보도가 나오고 있는데 원전과 관련된 부분에 대해 저희가 지체보상금을 낸다든지 하는 건 전혀 없다”고 말했다. 그러면서 “UAE에서도 우리 언론의 보도를 주시하고 있다. 그쪽에서 오히려 이런 상황을 의아해하고 있다”며 “우리가 중요시할 점은 국익이고 국익적 차원에서 현재 공사가 잘 진행되고 있는 UAE 원전 공사와 관련해서는 더 이상 보도가 안됐으면 좋겠다”고 말했다.다만 청와대는 임 실장이 지난 10일 UAE의 실질적 통치자인 모하메드 빈 자이드 알 나흐얀 왕세제에게 문재인 대통령 친서를 전달한 사실은 뒤늦게 인정했다. 청와대는 임 실장과 미셸 아운 바레인 대통령의 면담에서 친서 전달 장면을 공개한 반면 모하메드 UAE 왕세제 면담에서는 친서 전달 사실을 밝히지 않았다.청와대 고위 관계자는 “이번 방문 목적이 양국 간 전략적 동반자 관계를 강화하기 위해서라는 것은 분명하다”면서도 “국가적 외교 사안은 사실 말씀드릴 수 있는 내용도 있고 말씀드릴 수 없는 내용도 있다”고 말했다. 중동지역의 원전 및 방산 분야 협력의 거점이지만 왕정국가라는 UAE 체제 특성상 논의 내용을 모두 공개할 수는 없다는 것이다. 양국은 임 실장과 모하메드 왕세제의 면담에 배석했던 칼둔 칼리파 알 무바라크 UAE원자력공사 이사회 의장의 내년 초 답방을 추진하고 있다.하지만 자유한국당은 이번 일을 ‘UAE 원전게이트’로 칭하며 국정조사를 요구하고, UAE 현장조사도 검토하겠다고 밝히는 등 공세를 계속했다. 김성태 원내대표는 청와대 앞에서 기자회견을 열고 “청와대가 진실을 은폐하려 하는 ‘UAE 원전게이트’에 대해 강도 높은 국정조사를 촉구한다”며 “무리한 탈원전 정책의 당위성을 확보하고 국익을 포기해가면서까지 전 정권에 보복을 가하려다 외교적 문제를 야기했다는 의혹에 대해 진위를 분명히 밝혀야 할 것”이라고 말했다. 한국당은 현장조사를 위해 의원들을 UAE에 파견하는 방안도 검토 중이다.▶ 경향신문 SNS [트위터] [페이스북] ▶ [인기 무료만화 보기]©경향신문(www.khan.co.kr), 무단전재 및 재배포 금지",fire,kyunghyang
“소방법 신속 처리” 시늉만 하는 국회,"
			ㆍ잇단 사고에 비판 여론 의식ㆍ“대책 마련” 강조하면서도 본회의 일정 못 잡고 표류‘개점휴업’ 중에도 손님들 눈치가 보이는 걸까.
	
		
한 국회 직원이 26일 본관 건물에 쌓여 있는 법안 관련 서류뭉치를 상임위원회별로 구분된 수납 박스에 넣고 있다.  권호욱 선임기자 biggun@kyunghyang.com29명의 목숨을 앗아간 충북 제천 스포츠센터 참사에 이어 경기 수원시 광교 오피스텔 공사장까지 화재 사고가 잇따르자 여야는 26일 “국회 차원의 대책 마련이 시급하다”며 목소리를 높였다. 그러나 정작 법안 처리에 필수적인 국회 본회의 일정은 여야의 ‘네 탓’ 공방 속에 표류를 거듭하고 있다. ‘빈손 국회’에 쏟아지는 따가운 비판 여론을 의식한 ‘일하는 국회 시늉내기’라는 비판도 제기된다.더불어민주당 우원식 원내대표는 이날 원내대책회의에서 제천 화재 참사를 언급하며 “현재 국회에 계류되어 있는 소방안전 시스템과 관련된 법안의 처리 속도를 높이겠다”고 말했다. 현재 국회에는  소방기본법 개정안 등 7건의 법률이 계류 중이다.우 원내대표는 “남은 임시국회에서 관련 상임위를 소집해 이 법의 처리와 더불어 지난 정부에서 무분별한 규제완화 차원으로 도입된 필로티와 드라이비트 문제 등도 해법을 모색하자”고 말했다. 현안인 소방관련법을 언급하며 본회의 일정 협상에 비협조적인 자유한국당을 압박한 것이다.한국당은 화재 대책 필요성에는 여당과 같은 입장을 표명하면서도 ‘국회 정상화’에는 강경한 입장을 고수하고 있다. 김성태 원내대표는 전날 원내대책회의에서 “이런 인재가 재발되지 않도록 국회 차원에서 법적, 제도적 지원과 긴급 예산 투입 등 대책을 적극적으로 마련해 가도록 하겠다”고 했다. 하지만 김 원내대표는 이날은 장외로 나가 대정부·대여 투쟁을 벌였다. 국민의당도 똑같이 안전사고 재발방지 대책 마련을 촉구했지만 ‘거대 양당 비판’에 더 공을 들였다. 이용호 정책위의장은 “관련법 개정 등 국민 안전을 위한 제도적 장치를 만들어야 할 국회는 민주당과 한국당의 싸움으로 개점휴업 상태”라고 지적했다. 국민의당은 그러면서도 ‘한국당 패싱(배제)’ 본회의 개의 방안에 대해서도 거부 의사를 분명히 했다. 김동철 원내대표는 “민주당의 ‘제1야당 패싱’ 주장은 개헌 무산에 대비한 정치적 알리바이일 뿐이요, 책임을 떠넘기려는 꼼수일 뿐”이라고 말했다.▶ 경향신문 SNS [트위터] [페이스북] ▶ [인기 무료만화 보기]©경향신문(www.khan.co.kr), 무단전재 및 재배포 금지",fire,kyunghyang
"[공감]잇단 참사, 문제해결 방법을 혁신하라","
			행복해도 모자랄 만한 연말 귀중한 시간들이 연일 안타까움의 연속이다. 우리의 생명은 하나인데, 이렇게 온갖 사고로 비명횡사를 한다는 것은 참으로 사회를 원망하고도 남을 만한 비탄스러운 일들이다. 
	
		
김현수 명지병원 정신건강의학과 전문의낚싯배 사건, 이대목동병원 신생아 사망 사건, 제천 스포츠센터 화재 사건, 공사장 타워크레인 붕괴 사건 등 한 사건의 원인을 제대로 파헤치고 대책을 내놓기도 전에 연일 일어나는 이 비극의 기원은 무엇일까? 문제를 해결 하기 위해 경찰이 투여되고 전문가는 소홀, 방심, 원칙 그리고 시민의식의 부재를 앵무새처럼 반복하고 있는데, 더 나아지는 것이 없다는 것은 무엇을 의미할까? 다른 나라의 법률을 인용하고 강력한 처벌을 해야 한다는 방송가의 멘트는 공허하게 울려 퍼지고 사라진다. 우리는 여러 재난의 문제를 해결하는 접근 자체부터 실패하고 있다고 봐야 할 것 같다. 아마 스티브 잡스를 데려다 놓았으면, 기존의 해결책 모두를 갖다 버리라고 했을 것이다. 1979년 스리마일에서 있었던 원전사고는 여러모로 사고 이후의 대처에 대해 귀감으로 받아들여지고 있다. 그중 하나는 우리나라에서는 지금도 생각조차 못하고 있는 사고조사 과정에 조직심리학자를 포함한 다른 분야의 학자들을 파견한 것이었다. 그리고 조직심리학자 찰스 페로는 스리마일 원전사고의 원인을 연구하여 ‘체계적 사고, 정상적 사고’라는 이론을 만들고, 세계적인 학자로 발돋움했다. 경찰과 해당 산업의 전문가만으로는 지금의 문제를 해결할 수가 없다. 반복되는 재난과 사고, 자연재해에 대한 터무니없는 대책이 나오는 이유에 대해 우리는 다른 시각, 시선, 다른 삶과 학문의 영역으로 탐구하고 해결책을 제시해야 한다. 국민소득 3만달러 목전의 사회에서 불법 주차와 소방차 진입의 방정식이 풀리지 않는 이유가 무엇이고, 자살 보도 가이드라인에 대한 협약식에 멋진 사인을 한 뒤로도 계속 자살방법과 유서를 그대로 방송하는 방송인들은 무엇이 목적인가. 대학병원에서, 대기업의 공사현장에서 사람의 목숨과 관련된 원칙들 중 여전히 지켜지지 않고 있는 것들이 있다면, 그것은 왜 그럴까? 의 울리히 벡도 그랬고, 의 찰스 페로도 현대사회에서 기술적 문제와 의사소통 문제의 복잡성으로 인해 사고는 언제든지 발생할 수 있다고 했다. 그 사고를 막기 위해 할 수 있는 일은 끊임없는 의사소통의 개선과 교육, 훈련 그리고 약자에 대한 더 강력한 보호밖에 없다고 했다. 오래전 아리스토텔레스는 나쁜 일이 일어나는 원인을 부도덕성에서 찾았고, 이 부도덕성이 발생하는 두 가지 이유를 사악함과 둔감함으로 나누었다. 그리고 사악함에 대해서는 처벌이 필요하고 도덕적 둔감함에 대해서는 교육과 훈련이 필요하다고 했다. 현재 우리 사회에 불법 주차, 선정적 보도, 의무의 소홀, 생명의 경시라는 작은 사악함은 넘쳐난다. 처벌은 미약하고, 또 사고 발생 책임자와 처벌자는 동일하므로 강력한 처벌은 불가능한 경우가 많다. 또한 약자를 배려하고, 안전을 최우선시하고, 백년 만에 한 번 일어날 일이라 해도 서로 약속을 했다면 원칙대로 하는 모습은 부족하다. 우리는 안전을 위해 무엇이 필요한지 여전히 둔감하다. 더구나 그 사고에 대한 슬픔조차도 전임 대통령과 상층 권력자들은 공감하지 못했었다. 그게 바로 이 사회가 헬조선인 중요 단면이었다. 문재인 대통령 시절에는 문제를 해결하는 방법 자체를 수선해야 한다. 우리의 문제를 해결하기 위해서는 이해관계의 당사자를 넘어선 새로운 해법을 갖는 전문가, 시민들이 참여해서 더 근본적인 우리 사회의 해결책을 찾아야 한다. 물론 온갖 헛소리에 망발 섞인 정치인들의 부도덕한 시정잡배식 발언도 줄어들어야 할 것이다. 새로운 해에 새로운 개념으로 정부가 한국 사회를 접근한다고 들었다. 새로운 개념이란, 지난 세기에 하지 않았던 방식을 채택하는 것이어야 한다. 지금은 문제를 해결하는 과정 자체가 문제인 사회이다. 문제 해결 자체를 혁신하라! 이것이 새로운 2018년의 화두이다.▶ 경향신문 SNS [트위터] [페이스북] ▶ [인기 무료만화 보기]©경향신문(www.khan.co.kr), 무단전재 및 재배포 금지",fire,kyunghyang
나흘 만에…이번엔 광교 건설현장서 큰불,"
			ㆍ지하 2층 용단작업 중 발화… 자체진화 실패로 불길 번져ㆍ동료들 대피시키고 쓰러진 20대 노동자 1명 질식사충북 제천 화재사고 발생 4일 만인 25일 경기 수원의 도심 공사현장에서 큰불이 나 1명이 숨지고 14명이 다쳤다.
	
		
25일 오후 경기 수원시 영통구 광교 한 아파트 공사현장에서 화재가 발생해 소방헬기가 진화작업을 하고 있다.    연합뉴스이날 오후 2시46분쯤 경기 수원시 이의동 광교신도시 SK뷰 레이크타워 오피스텔 건설현장에서 불이 나 작업 중이던 이모씨(29)가 숨지고, 노동자 12명이 연기를 들이마셔 인근 병원에서 치료를 받고 있다. 장모(56·소방위), 김모(34·소방교)씨 등 소방관 2명이 얼굴과 양손에 1∼2도 화상을 입고 서울 한강성심병원으로 이송돼 치료를 받고 있다. 부상자들은 모두 경상인 것으로 파악됐다. 강풍으로 불길이 거세게 번져 진화에 어려움을 겪었으며 3시간여 만인 이날 오후 5시23분쯤 진화가 완료됐다.
	
		
사망자 이씨는 지하 1층 사무실에서 일을 하다 검은 연기가 덥치자 “불이 났다”고 외친 뒤 동료들을 먼저 대피시키고, 지하 2~3층에서 빠져나가는 노동자들을 지상으로 유도한 뒤 본인은 가장 늦게 건물 밖으로 나오다 연기를 마시고 쓰러진 것으로 알려졌다. 경찰과 소방당국이 현재까지 확보한 목격자 진술 등에 따르면 불은 지하 2층에서 시작된 것으로 추정된다. 당시 노동자 3명이 불꽃을 이용해 철구조를 자르는 용단작업을 하다가 불이 났고 노동자들이 자체 진화에 나섰다가 실패한 뒤 불길이 걷잡을 수 없이 커진 것으로 알려졌다. 불이 난 건물은 오피스텔, 업무용 시설로 41층(2개동), 지하 5층 건물로 현재 14층까지 공사가 진행 중이다.당시 현장에는 7개 업체, 122명의 노동자가 작업을 하고 있었으며, 불이 나자 긴급히 대피해 큰 피해는 막았다. 노동자 10명은 지상으로 빠져나오는 데 실패하자 14층 옥상으로 대피한 뒤 헬기와 구조대에 의해 가까스로 구조됐다.검은 연기가 주변을 뒤덮으면서 인근 아파트 주민 일부도 급히 대피해 상황을 초조하게 지켜봤다. 한 주민은 “창문 전체를 시꺼먼 연기가 뒤덮어 전쟁이라도 난 줄 알았다”고 전했다. 수원소방서와 수원시청은 화재로 연기를 마시거나 피해를 입고 신고한 주민은 없는 것으로 파악됐다고 밝혔다.불이 나자 소방당국은 대응 2단계를 발령, 10개 소방서에서 헬기 6대와 펌프차 10대 등 장비 59대와 인력 138명을 투입해 진화작업을 벌였다. 경찰과 소방당국은 지하2층에서 작업하던 노동자 등을 상대로 자세한 화재 경위와 작업 당시 안전규정을 준수했는지 여부에 대해 조사하고 있다. 26일 오전 11시 국립과학수사연구원 등과 함께 합동 감식을 벌일 예정이다.이날 화재는 지난 2월 발생한 화성 동탄 메타폴리스 부속상가 화재(4명 사망), 2014년 고양 종합터미널 화재(9명 사망), 2008년 서이천물류창고 화재(8명 사망) 때와 마찬가지로 안전 규칙을 제대로 지키지 않은 채 불꽃작업을 하다가 발생한 것으로 소방 당국은 보고 있다. 화재정보센터 자료에 따르면 용접이나 용단 등 불꽃작업 중 화재는 2014년 1048건, 2015년 1103건, 지난해 1074건 등 매년 1000건 이상이 발생하고 있다.▶ 경향신문 SNS [트위터] [페이스북] ▶ [인기 무료만화 보기]©경향신문(www.khan.co.kr), 무단전재 및 재배포 금지",fire,kyunghyang
[기자칼럼] 참사 이후는 지난하다,"
			크리스마스 분위기에 흠뻑 젖은 23일 아침 9시30분. 필리핀 남부 다바오시의 랜드마크인 4층짜리 대형 쇼핑몰 NCCC몰에서 불길이 치솟았다. 3층 가구매장에서 시작된 불은 삽시간에 위층으로 번졌다. 4층에는 미국에 본부가 있는 시장조사회사 SSI의 필리핀 지부 사무실이 있었다. 25일 현재 사망자 37명 중 대부분이 이곳 콜센터 직원들이었다. 소방관들은 화염과 연기에 4층으로 진입하지 못했다.
	
		
이인숙 뉴콘텐츠팀장막말과 무자비한 마약범 단속으로 ‘악명’을 얻은 로드리고 두테르테 대통령도 유족들을 찾아 눈물을 흘렸다. 눈물은 위로하지만 해결하지는 않는다. 필리핀 시민들은 화재 경보는 울렸는지, 비상구는 열려 있었는지, 스프링클러는 작동했는지, 정부가 건물주나 임대업자를 위해 눈감아준 것은 없었는지 묻고 있다. 다바오는 두테르테가 지난해 6월 대통령 취임 전까지 20년 넘게 시장을 지낸 곳이다. 지금은 딸과 아들이 이어받아 각각 시장, 부시장을 맡고 있다.지진, 홍수, 화재 같은 재난은 가장 극적이고, 가장 흉한 방법으로 그 사회의 모순을 까발린다. 2015년 5월 필리핀 수도 마닐라 외곽 발렌수엘라의 슬리퍼 공장 입구에서 용접 작업 중 불꽃이 튀어 근처 화학약품이 폭발했다. 노동자들은 2층으로 몰려갔지만 2층 창문에는 쇠창살이 단단히 둘러쳐져 있었다. 하루 12시간 일하고 300페소(약 6400원)를 주는 공장에 스프링클러가 있을 리 없었다. 74명이 질식해 죽었다.지난 6월 70명의 목숨을 앗아간 영국 그렌펠타워 화재는 공공주택 정책의 문제점을 드러냈다. 런던의 부촌 켄싱턴첼시에 세워진 공공 사회주택 그렌펠타워는 노후되면서 관리가 민간회사에 넘어갔다. 이후 세입자를 더 받기 위해 아파트가 개조되고 출구와 계단은 하나만 남았다. 거주자들이 직접 단체를 만들어 안전 관리가 부실하다고 주장했지만 지자체는 법적 대응으로 압박했다.2012년 11월 방글라데시 최악의 화재 참사로 기록된 다카 타즈린 공장 화재와 이듬해 4월 라나플라자 붕괴 사건은 주요 외화벌이이자 ‘노동착취 공장’이라는 비난을 듣는 의류산업의 현실을 고발했다. 월마트, 베네통, 망고 등 미국·유럽의 다국적 의류 기업에 옷을 납품한 라나플라자의 여공들은 관리인들에게 등 떼밀려 사고 전날 이미 금이 간 건물에 들어가야 했다. 1100여명이 떼죽음을 당했다.재난이 모순을 드러낼 때는 극적이지만 모순을 풀어가는 과정은 전혀 극적이지 않다. 오랜 시간이 걸리고 지지부진하기 일쑤고 정의는 원하는 만큼 구현되지 않는다.라나플라자 사고 직후 글로벌 기업과 노조는 안전협약을 맺었다. 전반적으로 노동환경 안전이 개선됐다고들 하지만 비슷한 사고는 여전히 일어나고 있다. 최저임금은 한 달 38달러에서 68달러 수준으로 올랐다. 하지만 파키스탄(116달러), 인도(137달러) 등 주변국에 비하면 턱없이 낮다.필리핀 슬리퍼 공장 화재 조사위원회는 지난해 발렌수엘라 시장과 고위공무원 6명을 해임하라고 명령했다. 하지만 법원은 해임 처분을 중단시켰다. 그렌펠타워 이후 영국 전역 고층건물은 전수 조사에 들어갔다. 그렌펠타워와 유사한 외장재를 쓴 18m 이상 고층건물 173곳 중 안전점검을 통과한 곳은 8곳뿐이었다. 건축 규정은 총체적 재검토에 들어갔다. 테레사 메이 총리가 약속한 책임규명은 지켜봐야 한다.제천 화재 참사는 알지만 고치지 못한 고질을 보여줬다. 9층 건물에 투입된 제천소방대 대원은 왜 4명일 수밖에 없었는지, 소방차 통행을 막지 못하게 하는 법안은 왜 국회에서 잠자고 있는지, 소방점검 시정명령은 왜 무시되는지, 비상구는 왜 늘 닫혀 있거나 물건이 쌓여 있는지. 민감하게 주시하고 끊임없이 요구해야 한 발짝씩 앞으로 나아간다.▶ 경향신문 SNS [트위터] [페이스북] ▶ [인기 무료만화 보기]©경향신문(www.khan.co.kr), 무단전재 및 재배포 금지",fire,kyunghyang
[정동칼럼]죽음을 대하는 언론의 자세,"
			
	
		
샤이니 멤버였던 종현이 스물일곱 해의 삶을 스스로 마감했다. 일주일 전이다. 몇 시간 후, 대학병원 중환자실에 있던 네 명의 신생아가 연달아 사망했다. 병원 과실로 허망하게 짧디 짧은 생을 접어야 했다.  사흘 전, 제천시의 한 스포츠센터 건물에서 발생한 화재는 29명의 목숨을 앗아갔다. 필리핀에서는 태풍 ‘덴빈’으로 인한 사망자가 최대 90명에 이르는 것으로 알려졌다. 이틀 전 인도 서부에서는 버스가 강으로 추락해 최소 32명이 숨졌다.죽음은 언제나 가까이에 있다. 날씨가 추워지면 문상을 갈 일도 잦아진다. ‘호상’이라 부르는 죽음도 있지만, 남은 이들을 위로하기 위한 수사일 뿐, 어떤 죽음인들 안타깝지 않겠는가. 모든 죽음은 원통함을 품고 있다. 아무리 빈번하게 죽음을 목격하거나 전해듣는다 해도 절대 무감각해질 수 없는 일이다. 생명의 유한함과 죽음의 불가피함을 끊임없이 확인하는 순간이기 때문이다. 인간 존재의 원초적 의미를 심사숙고하는 경건한 순간이다.그래서 누군가의 죽음을 사적 이익을 추구하는 도구로 사용할 때 분개할 수밖에 없다. ‘세월호’라는 단어가 집단적 트라우마로 남아있는 현실에서, 야당 대표라는 이는 제천의 참사를 세월호와 비교하며 정치적 쟁점으로 삼는다. 티끌만 한 정치적 이익을 주워보겠다고 누군가의 원통한 죽음을 도구로 삼는 경우다.  슬픔을 흥밋거리로 만들어 클릭수 장사에 혈안이 된 언론사들도 마찬가지다. 손녀와 아내를 소환하고 ‘울음바다’ ‘대성통곡’ 같은 제목으로 치장한다. 죽음을 빈정대거나 희화화하는, 보고도 차마 믿기 어려운 댓글들이 종종 나타나는 것도 아마 공감능력 없는 자극적인 기사 탓이 클 것이다.유명 연예인이 스스로 목숨을 끊은 경우이기 때문에 종현의 죽음은 특히나 많은 사람들의 관심을 모았다. 이런 큰 ‘사건’을 앞에 두고 언론사들이 가만있을 리 없었다. 포털 검색으로 확인을 해보니 관련 기사가 4000건 이상 생산되었다. ‘국가기간 통신사’인 연합뉴스 혼자서 73건이다. 2013년 한국기자협회가 제안한 ‘자살보도 권고기준’의 첫 번째 항목이 ‘언론은 자살에 대한 보도를 최소화해야 합니다’였다. 도대체 한 젊은 연예인의 죽음에 관한 기사가 한 회사에서 70개 이상 만들어지는 이유가 뭐란 말인가?그나마 다행스러운 점은, 종현의 유서가 공개되었을 때 MBC, SBS, JTBC의 메인 뉴스는 이를 보도하지 않았다는 사실이다.  KBS를 포함한 다른 방송사들은 유서 일부를 읽으며 ‘슬픔 포르노’를 만들었고, 특히 채널A는 4개 꼭지를 할애했다. ‘SBS 취재파일’에 따르면, SBS 보도국은 치열한 토론 끝에 유서 보도 및 파생 영상 제작을 하지 않기로 결정했다고 한다. 홈페이지 메인 화면에서도 빼기로 했다. 엄청난 트래픽을 포기하면서 내린 결정이다. 이런 ‘상식적인’ 보도 태도는 땅에 떨어진 언론의 신뢰도를 조금씩이라도 제고하는 계기가 될 것이다.하지만 같은 SBS의 에서는 종현의 마지막 모습이라며 별 의미도 없는 편의점 CCTV 화면을 반복 재생했다. 보도 프로그램이 아니니까 괜찮다고 말하지 말자. 이 화면은 타 언론사의 온라인 기사가 되어 다시 소비자들에게 전달되고 소비된다. 누구나 뉴스를 생산하고 소비하는 소위 ‘웹 3.0’시대라지만, 여전히 대부분 정보의 원석은 언론사가 생산, 유통한 뉴스들이다. 죽음을 상품화하는 최초 계기는 여전히 언론사의 뉴스라는 뜻이다. 의 제작진도 용케 얻은 이 영상이 시청률을 얼마나 올려줄지 궁금하지 않았을까? 매일같이 잡다한 사건 사고를 취재하는 기자들은 ‘죽음’을 대하는 자세가 보통 사람들과는 조금 다를 수 있으리라 짐작한다. 다소 의식적으로 죽음과 거리를 두는 자세를 가질 수도 있겠다. 기자로서 필요한 덕목이기도 할 것이다. 하지만 누군가의 죽음을 ‘사건’ 하나로 무덤덤히 바라보는 것도 선정적인 기사를 쏟아내는 것만큼이나 문제적이다.  며칠 전 경향신문의 ‘기자칼럼’은 자살보도를 신중하게 해야 한다고 강조하면서 정작 종현은 “최악의 선택을 했”고 “남은 사람들에게 불행만을 더해”줬기 때문에 “나쁘다”고 결론을 내려버렸다. 아프다는 이유로 나쁜 사람이 되는 것이 온당한가? 죽음 앞에서 좀 더 경건해질 수는 없었을까? 공감을 위한 노력이 필요하지는 않았을까?‘세월호’ 보도가 ‘참사’였다고 비판받은 것은 부정확한 기사 때문만은 아니었다. 세상을 뜬 아이들과 그 남은 가족들을 진정으로 이해하려 하기보다는 ‘기사거리’로 간주했던 일부 기자들 탓도 컸다.  지금, 종현의 자살과 신생아 사망, 제천의 화재를 다루는 보도는 과연 어떤가? ‘세월호’ 이후 한국 사회는 많이 변했는데, 제일 많이 변해야 했던 언론은 쉽게 바뀌지 않는다. 많이 안타깝다.▶ 경향신문 SNS [트위터] [페이스북] ▶ [인기 무료만화 보기]©경향신문(www.khan.co.kr), 무단전재 및 재배포 금지",fire,kyunghyang
[사설] 소방차 진입 위한 ‘불법주차 금지법’ 시급하다,"
			29명의 사망자가 발생한 충북 제천시 스포츠센터 화재 때 소방차가 처음 도착한 건 신고 후 7분이 지나서지만 구조작업은 도착 후 30분가량 돼서야 시작됐다. 폭 6m의 건물 진입로 양쪽에 있던 불법주차 차량 탓에 굴절사다리차 등이 500m 길을 우회해 진입해야 했기 때문이다. 굴절사다리차나 고가사다리차의 지지대 역할을 하는 ‘아웃트리거’를 설치할 공간을 확보하는 데도 어려움을 겪었다. 화재가 난 건물은 제천에서 가장 큰 스포츠센터로 9층 건물에 주차공간이 21대에 불과해 평소에도 불법주차와 교통난이 심각했던 곳으로 알려졌다. 화재 초기 진압의 ‘골든타임’을 불법주차 차량으로 허비하면서 피해가 급속도로 확산된 셈이다. 불법주차로 화재 진압이 늦어져 무고한 사람들이 희생된 사례는 셀 수 없을 정도다. 서울연구원이 소방차 출동을 더디게 하는 원인을 분석한 결과 불법주차가 취약건물 밀집지역이나 협소한 도로 등에 이어 세번째로 꼽혔다. 이 문제는 어제오늘 지적된 사안도 아닌 데다 이미 관련법안들도 제출돼 있지만 국회에서 심의조차 제대로 되지 않은 채 뒷전으로 밀려나 있다. 도로 모퉁이나 소방 관련 시설주변을 별도로 표시해 주정차 위반 시 범칙금과 과태료를 2배로 부과하자는 내용의 도로교통법 개정안은 이미 지난 3월 발의된 바 있다. 그러나 지난 9월에야 소관 상임위인 행정안전위원회에 상정됐고, 그나마 다른 쟁점법안에 밀려 논의가 이뤄지지 못하고 있다. 지난해 11월에도 일정 규모 이상의 공동주택에 소방차 전용 주차구역을 의무적으로 설치하도록 하는 내용을 담은 소방기본법 개정안이 발의됐지만 1년 넘도록 계류 중이다. 화재진압에 불법주차 차량이 방해가 될 경우 소방관이 차를 부술 수 있는 권한까지 부여한 영국에 비하면 미약한 수준인데도 이나마 처리를 지연시키고 있는 것이다. 법안처리가 지연되고 있는 이유는 여야의 주요 관심사가 아니기 때문이라고 한다. 국민의 생명과 재산을 지키는 데 필요한 법안이 주요 관심사가 아니라면 의원들은 대체 어디에 관심을 두고 있는지 알다가도 모를 일이다. 이번 참사를 계기로 정부는 소방안전 시스템을 총체적으로 점검하고, 정치권은 입법이 필요한 사안에 협력해야 한다. 현장에 출동한 소방관들이 화재진압과 인명구조에만 전념할 수 있도록 하는 시스템 정도는 이제 갖춰야 할 때가 되지 않았는가.▶ 경향신문 SNS [트위터] [페이스북] ▶ [인기 무료만화 보기]©경향신문(www.khan.co.kr), 무단전재 및 재배포 금지",fire,kyunghyang
[사설] 반사회적 발언 일삼는 홍준표는 정치 지도자인가,"
			홍준표 자유한국당 대표가 연일 ‘아무 말 대잔치’ 수준의 막말을 쏟아내고 있다. 홍 대표는 성탄절인 25일 충북 제천 스포츠센터 화재현장을 찾아 “정부가 연말에 가장 먼저 해야 했을 일은 미리 소방점검을 하는 것인데 정치보복을 하고, 정권 잡았다고 축제하는 데 바빠 소방·재난점검을 전혀 안 했을 것”이라고 했다. 귀를 의심하게 할 만한 발언이다. 그로선 모처럼 정치공세의 호재를 잡았다고 여길지 모르겠으나 국민적 참사를 놓고 정부를 비판하는 언급으로선 참으로 저급하기 짝이 없다.  홍 대표는 지난 주말 대법원이 ‘성완종 리스트’ 관련 정치자금법 위반 혐의에 대해 무죄를 확정하자 “증거를 조작한 검사들에 책임을 묻겠다”고 했다. 다음날엔 페이스북에 “친정부 관제언론” “포털과 방송은 정권의 나팔수”라고 썼다. 이어 “SNS조차도 ‘문빠(문재인 대통령의 지지자)’들의 댓글조작으로 한국 사회는 이제 괴벨스가 통제하는 빅브러더 사회가 돼가고 있다”고 했다. 대법 판결은 그의 유죄를 입증할 증거와 증언이 불충분하다는 것일 뿐, 그의 결백을 뜻하는 것이 아니다. 홍 대표의 측근들이 돈 전달자인 경남기업 윤모 전 부사장을 찾아 회유를 시도했다는 건 재판과정에서 다 확인된 사실이다. 돈을 받지 않았다면 굳이 그럴 일이 없다. 홍 대표는 증거조작이니, 검사 징계니 하기 전에 물의를 빚은 데 대해 먼저 사과하고 자중자애하는 모습을 보였어야 한다.  불리하면 조작설이나 색깔론 같은 좌충우돌식 발언을 일삼는 건 이제 홍 대표의 전매특허처럼 됐다. 홍 대표는 지난 대선 때 최저임금 인상을 공약한 바 있다. 그랬던 그가 최저임금 인상을 “좌파 포퓰리즘 정책”이라며 자가당착적인 공격을 했다. 그러더니 21일에는 느닷없이 이주노동자의 해외 송금 때문에 “최저임금 인상 효과가 전혀 없다”고 주장했다. 이주노동자 혐오와 차별을 초래할 수 있는 위험 발언이 아닐 수 없다. 자칫 정치생명이 끊어질 수도 있었던 홍 대표는 무죄 판결로 제1야당 리더로서의 입지를 더욱 굳히게 됐다. 홍 대표는 인적·조직·정책 등 3대 혁신을 통해 시민에게 사랑받는 보수정당으로 거듭나겠다는 대국민약속을 했다. 그렇다면 홍 대표는 이제라도 지지층조차 눈살을 찌푸리는 반사회적 언사를 접고, 도덕성과 품격을 바탕으로 합리적 대안을 제시하는 보수의 적자(嫡子) 모습을 보여줘야 한다.▶ 경향신문 SNS [트위터] [페이스북] ▶ [인기 무료만화 보기]©경향신문(www.khan.co.kr), 무단전재 및 재배포 금지",fire,kyunghyang
‘여자 홍준표’에 흔들린 제1야당,"
			ㆍ정치 경력 일천한 1인 항의로 당 분란 사태ㆍ한국당 인사 검증 시스템 붕괴…윤리위, 26일 징계 결정ㆍ최고위 봉쇄 등 ‘홍준표 사당화’에도 독주 막을 인물 전무자유한국당이 최근 류여해 최고위원의 파동을 겪으면서, 추락한 당의 현실을 밑바닥까지 드러냈다는 지적이 나온다. 류 최고위원이 연일 당무감사·조직강화특별위원회(조강특위) 구성 등 내년 지방선거를 염두에 둔 ‘홍준표식 당 개혁’에 반기를 들면서 당이 시끄러워졌다. 인지도도, 정치 경력도 일천한 최고위원 한 명이 제1야당을 뒤흔들고 있는 것이지만 ‘홍준표 사당화’의 징후들도 명확해졌다. 당은 난장판이 되고 있지만, 중심을 잡을 인물이나 세력이 없다는 것도 문제다.
	
		
제천 참사 현장 찾은 홍 대표 자유한국당 홍준표 대표가 25일 대형 화재로 29명이 목숨을 잃은 충북 제천 스포츠센터 참사 현장을 찾아 기자들 질문에 답하고 있다. 김기남 기자 kknphoto@kyunghyang.com■ 무너진 제1야당의 체계특히 ‘여자 홍준표’로 불린 류 최고위원의 돌출 발언과 행동으로 당에 분란이 일어났다. 지난 18일 당협위원장직 박탈에 항의하는 기자회견 중 오열하는 자신의 모습을 스마트폰으로 생중계하고, 22일 최고위 회의장에 ‘라이언 인형’을 들고 등장한 것이 대표적이다. 류 최고위원은 경북 포항 강진을 두고 “문재인 정부에 하늘이 주는 준엄한 경고”라고 했고, 문재인 대통령을 비판하면서는 ‘1 대 1 토론’을 제안하기도 했다. 한국당 사무처 노동조합이 지난 20일 류 최고위원에게 ‘절제된 자세에 대해 다시 한번 생각해주십사 요청을 드린다’며 성명을 냈을 정도다.그럼에도 홍 대표는 “주막집 주모의 푸념”이라고 했을 뿐 류 최고위원의 돌출 행동을 제어하지 못하고 있다. 대선 때 돼지발정제 논란을 일으킨 이후에도 각종 막말을 거듭해온 홍 대표가 과연 자제를 요청할 자격이 있느냐는 말도 있다. ‘막말 대표’에 류 최고위원이 돌출하면서 자칫 당 최고의결기구인 최고위원회가 ‘봉숭아학당’이 될지 모른다는 우려까지 나오는 상황이다. ■ 가속화된 홍준표 사당화반대로 류 최고위원의 일탈은 ‘홍준표 사당화’의 징후도 분명하게 드러냈다. 홍 대표는 류 최고위원의 반발이 가시화된 이후 최고위를 열지 않았다. 이를 두고 ‘홍준표 저격수’로 돌변한 류 최고위원의 발언 기회를 원천 봉쇄하기 위한 목적이란 해석이 나왔다. 선출직 최고위원 한 명을 배제하기 위해 아예 공식회의를 막은 셈이 된다.반발 가능성을 제거하기 위한 징계 논의도 빠르게 진행 중이다. 당 윤리위원회는 품위유지 의무 규정 위반 등을 들어 26일 류 최고위원의 소명을 듣고 징계 수위를 결정할 예정이다. 류 최고위원의 ‘언행에 동조·공모했다’는 이유로 정준길 전 대변인 징계도 추진하고 있다. 홍 대표 맘대로 당이 움직이고 있는 셈이다.문제는 당의 무질서가 심화되고 있음에도, 견제하고 중심을 잡을 인물이나 세력이 없다는 것이다. 각종 막말 등으로 한계가 뚜렷한 홍 대표가 당을 좌지우지하는 것이나, 정치 경력이 일천한 류 최고위원의 목소리만 들리는 것은 결국 고질적인 인물 부재와 직결돼 있다.실제 당 중심을 잡아줄 영향력 있는 대선 주자나 중진들이 없다시피 하다. 또 과거 한나라당이나 새누리당 시절 당 대표의 독선·독주를 견제한 ‘남·원·정(남경필·원희룡·정병국)’ ‘민본21’ 등과 같은 소장파의 부재도 도드라진다. 사당화 조짐과 침묵을 두고 이미 경고음이 여기저기서 나온다. 당무감사에서 부산지역 교체 당협위원장으로 지목된 박민식 전 의원은 “오만과 독선의 홍 대표 앞에서 고양이 앞의 쥐처럼 납작 엎드려 있는 당을 보고 있자니 참으로 걱정”이라고 말했다.▶ 경향신문 SNS [트위터] [페이스북] ▶ [인기 무료만화 보기]©경향신문(www.khan.co.kr), 무단전재 및 재배포 금지",fire,kyunghyang
[단독]“발화 원인은 주차장 천장 속 보온등 과열”,"
			ㆍ소방관리업체 관계자 증언…경찰·소방 당국 조사 중ㆍ당초 지목된 ‘메탈히터’ 무관 …건물주·관리인 긴급체포충북 제천시 ‘노블휘트니스앤스파’ 화재는 1층 필로티 주차장 천장에 설치해놓은 보온등 과열에 의한 것이라는 증언이 나왔다. 수사본부와 소방당국은 이를 확인 중인 것으로 알려졌다. 24일 화재 건물 소방시설관리업체와 건물 관계자 등의 말을 종합하면 화재 당시 이 건물의 1층 주차장 플라스틱 재질의 천장 마감재 안에는 폐수관의 동파를 막기 위한 보온등이 여러 개 설치돼 있었다. 지난 21일 화재가 발생하기 전 며칠 동안 추운 날씨 때문에 이 보온등을 켜놨고, 당일 기온이 갑자기 올라가면서 보온등이 과열돼 화재가 발생했다는 게 이들의 주장이다.한 관계자는 “건물 관리부장이 불이 난 날 ‘지하 1층에 있었는데 매캐한 냄새가 나 1층에 올라가자 천장이 벌겋게 달아올랐고 그것을 확인하기 위해 천장 마감재를 열어보니 불이 붙고 있었다’는 얘기를 들었다”며 “갑자기 날씨가 따뜻해지니 열을 빼앗길 곳이 없어 보온등이 달아올라 불이 붙은 것으로 알고 있다”고 말했다.경찰과 소방당국도 이미 이런 진술들을 확보해 조사 중인 것으로 전해졌다.화재 원인으로 제기되고 있는 ‘메탈히터’는 관련이 없다는 관계자들의 주장도 나왔다. 메탈히터는 건축·소방 설비 등의 동파를 막기 위해 설치하는 장비다. 화재 건물 소방시설관리업체 관계자는 “지난달 25일쯤 건물 관리자의 요청으로 메탈히터를 설치했지만 설치 지점이 발화 지점과 전혀 다르다”고 말했다. 메탈히터 개발업체 관계자도 “메탈히터는 온도가 상승하면 전류가 차단되는 반도체 히터로 온도가 70도 이하여서 화재 가능성이 없다”고 밝혔다.경찰은 이날 청주지법 제천지원으로부터 건물주 이모씨(53)와 관리인 김모씨(50)에 대해 업무상 과실치사상 혐의로 체포영장을 발부받아 집행했다. 경찰은 현장에서 발견된 일부 사망자들의 휴대전화도 분석 중이다.▶ 경향신문 SNS [트위터] [페이스북] ▶ [인기 무료만화 보기]©경향신문(www.khan.co.kr), 무단전재 및 재배포 금지",fire,kyunghyang
"[사설]불법주차와 비상구 물건 적재, 티끌이 쌓여 참사를 키웠다","
			스포츠센터 화재 참사의 희생자 영결식이 치러진 23일부터 인구 13만6000명의 충북 제천은 도시 전체가 거대한 장례식장이라 할 만큼 ‘슬픔의 바다’를 이뤘다. 나눔의 삶을 살아온 봉사천사와 대학 입학이 확정된 손녀·엄마·외할머니 등 단란했던 3대, 알바생을 구하는 스포츠센터 매점을 찾았던 대학 합격생 등…. 누군가에게 할머니, 아버지·어머니요, 눈에 넣어도 아프지 않을 딸과 아들, 손자·손녀가 ‘살려달라’는 전화를 걸고, 밀폐된 공간의 유리문에 손톱자국을 남긴 채 안타깝게 숨져갔다.참사 현장은 참담했다. 정부가 때로는 앞장서 규제를 풀어주고, 사고 때마다 땜질처방과 솜방망이 처벌에 그치는 사이 안전불감증은 어느덧 사회 전반에 만연해 있다는 사실을 적나라하게 보여주었다. 곳곳에서 쌓인 안전불감의 티끌이 거대한 불길로 번졌다는 점을 반성하지 않을 수 없다. 우선 이용자들이 그 존재를 파악하고 있어야 할 2층 비상계단은 목욕용품 보관대에 가려져 있었다. 화재진압 장비의 이동과 설치를 방해한 불법 주정차 차량들도 진압의 골든타임을 놓치게 한 원인이었다. 촌각을 다투어야 할 소방당국의 입장에서는 불법 주정차 차량들을 훼손해서라도 소방장비를 빨리 투입해야 한다. 그러나 현실은 그렇지 않다. 자동차 운전자가 소방관에게 피해 보상을 청구하면 꼼짝없이 물어줘야 할 판이다. 2015년부터 올 6월까지 소방관이 소방활동 중에 발생한 피해를, 그것도 ‘자비’로 변상한 사례가 20건이나 된다. 불법 주정차로 인한 화재피해를 막는 법안은 수개월째 국회 상임위의 심사조차 통과하지 못했다. 이런 기본이 통하지 않는 비상식 사회이니 터무니없는 참사가 이어질 수 있다. 또 증축과정에서 불법 테라스를 설치한 점, 화재 3주 전 소방점검 때 문제를 발견하고도 소방서에 보고하지 않은 점, 대피유도등과 스프링클러가 작동하지 않은 점 등도 사고 때마다 지겹도록 거론되어온 단골 지적사항들이다. 무슨 사고가 날 때마다 ‘~했다면’이라는 안타까운 가정법이 등장하는 사회는 결코 정상적인 공동체가 아니다. 똑같은 참사가 되풀이되는 사회이기 때문이다. 화재 현장을 참관한 유족 한 사람은 “누굴 처벌하자는 게 아니다. 다시는 이런 일이 없도록 좋은 매뉴얼을 만들어달라”고 했다. 끓어오르는 슬픔과 분노를 삭이며 정부와, 사회와, 시민을 향한 유족의 신신당부가 심금을 울린다.▶ 경향신문 SNS [트위터] [페이스북] ▶ [인기 무료만화 보기]©경향신문(www.khan.co.kr), 무단전재 및 재배포 금지",fire,kyunghyang
[사설]대형 재난에 대한 사회적 성찰을 제안한다,"
			충북 제천 스포츠센터에서 순식간에 29명의 사망자와 35명의 부상자를 낸 대형 화재는 후진적인 사고가 되풀이되는 한국 사회의 민낯이 드러난 참사로 기록될 것이다. 이날 화재는 기둥만 서 있고 텅 빈 공간으로 된 필로티 건물의 1층 주차장 천장에서 불꽃이 떨어지면서 시작됐다. 마치 아궁이에 불을 때듯 2층 사우나를 태웠다. 출입구와 엘리베이터 등은 연통 구실을 했다. 불은 수평 이동의 경우 초당 0.5~1m로 번지지만, 수직 이동일 때는 초당 4~5m로 솟구친다. 필로티 건물의 특성 때문에 아래층 화재가 위층으로 빠르게 확산된 것으로 보인다. 싼값이 장점인 스티로폼 재료의 드라이비트 외장재는 유독가스를 내뿜는 불쏘시개가 됐다. 화재경보기와 스프링클러는 작동되지 않았고, 통유리 구조로 된 2층 사우나의 벽체는 깨기도 힘든 구조여서 피해를 키운 것으로 파악된다. 사우나의 출입문이 고장났다는 증언도 있었고 3주 전 소방점검 때 문제점을 발견하고도 소방서에 보고하지 않았다는 보도도 나왔다. 소방당국의 초동대처가 미흡했다는 지적도 있다. 이 모두 너무나 익숙한 상황들이다. 지난 2월 스프링클러가 작동하지 않았던 동탄 메타폴리스 화재사건, 2016년 10월 비상구 없는 통유리로 인명피해를 키운 울주 관광버스 참사가 떠오른다. 4층의 불이 순식간에 37층까지 번진 2010년 부산 해운대 주상복합아파트 화재, 130여명의 사상자를 낸 2015년 경기 의정부 아파트 화재는 이번 참사와 판박이다. 화재가 발생할 때마다 법령을 고쳤지만 허점은 여전하다. 2015년 의정부 화재 이후 6층 이상 건물에는 불에 쉽게 타지 않는 외장재를 쓰도록 했다. 그러나 이는 신규 건물에만 적용될 뿐이다. 법이 만들어지기 이전인 2010년 건축허가를 받은 제천 스포츠센터는 적용대상에서 제외되었다.화재는 새 건물보다는 기존 건물에서 더 많이 일어나는 경향이 있다. 그러므로 기존 건물을 중간 점검하거나 보수할 때는 강화된 법령을 적용할 필요가 있다. 새 건물이냐, 오래된 건물이냐에 따라 사람의 목숨값이 달라질 수는 없는 일이다. 문제가 된 필로티 건물, 드라이비트 외장재, 통유리 등을 활용한 건축의 장점은 비용절감, 미감, 편리성이다. 그러나 사람의 안전과 생명보다 더 중요한 것은 없다. 좀 더 비싸고, 불편하고, 투박하더라도 안전을 위해 지불해야 할 비용이라고 인식할 줄 아는 사회가 되어야 한다.▶ 경향신문 SNS [트위터] [페이스북] ▶ [인기 무료만화 보기]©경향신문(www.khan.co.kr), 무단전재 및 재배포 금지",fire,kyunghyang
